,Portfolio_Return
2018-01-01,-0.004279338532794609
2018-01-02,0.00041807390219115157
2018-01-03,0.008361457821408288
2018-01-04,0.008273272139569535
2018-01-05,-0.002390726844628502
2018-01-08,0.007974203871972736
2018-01-09,-0.012090834091765207
2018-01-10,0.009884603655676838
2018-01-11,-0.004440406064105195
2018-01-12,-0.009447348409804275
2018-01-15,-0.003597884567348304
2018-01-16,-0.009867670812603332
2018-01-17,-0.0021214437549199883
2018-01-18,0.0055560120899358495
2018-01-19,0.0037321450203792765
2018-01-22,-0.0006313538200882041
2018-01-23,-0.009528441603288744
2018-01-24,-0.0025663802736291966
2018-01-25,0.020438595249990792
2018-01-26,-0.00533503625130141
2018-01-29,0.018447601388746654
2018-01-30,0.02257852318029089
2018-01-31,0.0020019469912335693
2018-02-01,-0.01710133114396669
2018-02-02,0.009241632199878955
2018-02-05,0.011673700714488765
2018-02-06,-0.017992485959576823
2018-02-07,-0.0006519149854238717
2018-02-08,0.012068152359911261
2018-02-09,0.0015782905705636601
2018-02-12,-0.0003222112776775744
2018-02-13,0.0012278054121643996
2018-02-14,-0.00632533244643541
2018-02-15,-0.007766954099736417
2018-02-16,0.01312386969841014
2018-02-19,-0.0004663484603743298
2018-02-20,0.01773896252976443
2018-02-21,-0.011199557178293873
2018-02-22,0.0033425393603960384
2018-02-23,0.01024160553891354
2018-02-26,0.002553864935863067
2018-02-27,0.018796230830126884
2018-02-28,0.007818060388280626
2018-03-01,-0.004932050573672118
2018-03-02,0.00981381086768134
2018-03-05,-0.01360346642683345
2018-03-06,-0.001820036394381195
2018-03-07,-0.016422580334044413
2018-03-08,-0.018355102060186625
2018-03-09,0.006676060519839137
2018-03-12,0.00928235867668362
2018-03-13,-0.009672924507483284
2018-03-14,0.007845888485888308
2018-03-15,-0.0010735422250210615
2018-03-16,-0.0025289198921752878
2018-03-19,-0.020211630237217483
2018-03-20,-0.026752187041856782
2018-03-21,0.00701567597855454
2018-03-22,0.02027356100161632
2018-03-23,-0.013495361710587859
2018-03-26,-0.0205470327513765
2018-03-27,0.0034053055005269146
2018-03-28,-0.01968728246679107
2018-03-29,-0.005594565290703552
2018-03-30,0.010329821237184646
2018-04-02,0.016421418147167605
2018-04-03,-0.016899029232027997
2018-04-04,-0.009394584176946842
2018-04-05,-0.011892205981613906
2018-04-06,0.00036890664967710173
2018-04-09,0.02020558764772954
2018-04-10,0.0045065314354539535
2018-04-11,0.005731290184312131
2018-04-12,0.0014730830002688006
2018-04-13,-0.020304152920221682
2018-04-16,0.01984332302500538
2018-04-17,-0.0030173951370208022
2018-04-18,-0.03247848003021219
2018-04-19,-0.008532385429363512
2018-04-20,-0.009331073326875942
2018-04-23,0.0008151845571905809
2018-04-24,-0.0032722638929226877
2018-04-25,-0.02516049906494007
2018-04-26,0.004550773188518528
2018-04-27,0.0030965448474698253
2018-04-30,-0.010030307463548173
2018-05-01,-0.002934841788563425
2018-05-02,0.005998733082368247
2018-05-03,0.009287027940758377
2018-05-04,-0.005743238412714499
2018-05-07,-0.004427255966286007
2018-05-08,-0.019235089880750594
2018-05-09,-0.0003518892768618261
2018-05-10,0.02887010004500368
2018-05-11,0.03471326738413311
2018-05-14,-0.0031062483233553614
2018-05-15,-0.007802915406037857
2018-05-16,-0.010892383272431472
2018-05-17,-0.020948234357476652
2018-05-18,-0.007008472676325879
2018-05-21,0.009243348573473273
2018-05-22,-0.006318192815149782
2018-05-23,0.005056962138342449
2018-05-24,0.010195485405369265
2018-05-25,-0.002608402318331966
2018-05-28,-0.015782023289432637
2018-05-29,0.005744882724604772
2018-05-30,-0.002962143581437366
2018-05-31,0.0014738807669342942
2018-06-01,-0.013050017100186743
2018-06-04,0.023114266667321446
2018-06-05,0.008814369586635878
2018-06-06,-0.01310351388401578
2018-06-07,-0.0017508025874751016
2018-06-08,-0.015819588480927797
2018-06-11,-0.0038955725688645895
2018-06-12,-0.012875890110829801
2018-06-13,0.017184280471491356
2018-06-14,0.0008438202094693474
2018-06-15,-0.009063095309335419
2018-06-18,-0.0010937710088995078
2018-06-19,-3.7332341863895863e-06
2018-06-20,0.02049907022278665
2018-06-21,-0.000604213967522087
2018-06-22,0.008847081071180204
2018-06-25,-0.001943820684893878
2018-06-26,0.004033162712689637
2018-06-27,-0.011641064204094121
2018-06-28,0.001139640882081348
2018-06-29,-0.002164421810013184
2018-07-02,-0.02495524312897323
2018-07-03,-0.001425809212771034
2018-07-04,0.015675192020289937
2018-07-05,-0.006988139111909109
2018-07-06,-0.005388956808085401
2018-07-09,-0.02214865026352024
2018-07-10,-0.0049553553464290415
2018-07-11,0.007681179375575204
2018-07-12,0.009818425204028591
2018-07-13,0.014490626048002492
2018-07-16,0.011154611589441435
2018-07-17,0.013795376596722161
2018-07-18,-0.0067055017856877
2018-07-19,0.006783543431985572
2018-07-20,-0.024183175756296048
2018-07-23,-0.032567926379131744
2018-07-24,0.012750344001102122
2018-07-25,-0.015322320356600173
2018-07-26,0.020075052792767466
2018-07-27,0.00907324152709959
2018-07-30,-0.00039082710672025704
2018-07-31,-0.0045259370048099335
2018-08-01,0.012495037026863682
2018-08-02,0.006400474902644404
2018-08-03,0.009730419008135824
2018-08-06,0.021597962324921827
2018-08-07,0.003275447094959467
2018-08-08,0.024522995137744474
2018-08-09,0.014861033780258092
2018-08-10,-0.02146172544317761
2018-08-13,0.0009858956018623144
2018-08-14,0.0002351184273229987
2018-08-15,0.02132721224097204
2018-08-16,-0.03030507910637757
2018-08-17,0.019659893479855327
2018-08-20,-0.0075140340838584264
2018-08-21,-0.011587106999915357
2018-08-22,-0.0018415812488427716
2018-08-23,-0.0030138346290996708
2018-08-24,-0.025977652957740193
2018-08-27,0.0076390707541646495
2018-08-28,0.016950679301870372
2018-08-29,-0.0010830313708280128
2018-08-30,0.006307741064292175
2018-08-31,-0.010866457627079678
2018-09-03,-0.008808055128772163
2018-09-04,-0.016822638819145752
2018-09-05,-0.0004654025783425433
2018-09-06,0.009232195151666962
2018-09-07,0.003216161037306817
2018-09-10,0.012048534685895278
2018-09-11,0.004491580651574571
2018-09-12,-0.01058316166373801
2018-09-13,0.011825477167760692
2018-09-14,0.0026439680561698023
2018-09-17,-0.00786034140808528
2018-09-18,-0.010802569759993153
2018-09-19,0.011001526593789496
2018-09-20,-0.013792856068229423
2018-09-21,-0.0037518931040111604
2018-09-24,-0.01628421580272266
2018-09-25,-0.006614595529160147
2018-09-26,-0.0018612377571437261
2018-09-27,-0.0014403795219958032
2018-09-28,-0.007372826997820509
2018-10-01,0.012490005752032969
2018-10-02,-0.01079606267753576
2018-10-03,0.021096629276417523
2018-10-04,-0.023575119823941636
2018-10-05,-0.004006045147215282
2018-10-08,-0.002761185032646911
2018-10-09,-0.0010337804850906575
2018-10-10,0.004764950577157385
2018-10-11,0.011696627072755757
2018-10-12,0.0016512624553000435
2018-10-15,-0.022041202970853126
2018-10-16,0.000720188989379083
2018-10-17,0.013661298221763969
2018-10-18,-0.009880546614088537
2018-10-19,-0.0017313061567462676
2018-10-22,-0.001763233903783116
2018-10-23,-0.008959021554420497
2018-10-24,-0.010941808153704649
2018-10-25,0.0032676029325963405
2018-10-26,-0.014799554124832488
2018-10-29,0.00639478670850963
2018-10-30,-0.009777166098934434
2018-10-31,-0.005963242248830057
2018-11-01,-0.0028048941777810907
2018-11-02,-0.0012915955171677145
2018-11-05,-0.0030054532932270537
2018-11-06,-0.006336167835013205
2018-11-07,0.003956483914202761
2018-11-08,0.0010351143667529632
2018-11-09,-0.0020177902945799873
2018-11-12,-0.013451105087304826
2018-11-13,0.006791267372437095
2018-11-14,-0.012663783903204127
2018-11-15,0.018360987741526426
2018-11-16,0.021524213800438338
2018-11-19,-0.0157817021130164
2018-11-20,-0.003742376593962428
2018-11-21,0.0014952999496913207
2018-11-22,-0.015001179471440057
2018-11-23,0.006986099318563075
2018-11-26,0.0008767298146114776
2018-11-27,0.01144333029986645
2018-11-28,0.008483792638873621
2018-11-29,0.026266495563029856
2018-11-30,0.011072057347832594
2018-12-03,0.00112669114319881
2018-12-04,-0.012002839243346863
2018-12-05,-0.00658504428935694
2018-12-06,0.0033536740260849836
2018-12-07,-0.00307558423597114
2018-12-10,0.003673377506375874
2018-12-11,-0.01314619651665604
2018-12-12,-0.00431406529576146
2018-12-13,-0.010386326475002152
2018-12-14,-0.01600704530807947
2018-12-17,-0.012312507662243278
2018-12-18,-0.002573384335976117
2018-12-19,-0.02032912965108643
2018-12-20,0.018369599851066842
2018-12-21,0.021110402847768283
2018-12-24,0.011820848782639266
2018-12-25,0.010636325505595854
2018-12-26,0.009973227059173905
2018-12-27,0.009050194794819354
2018-12-28,-0.0046859899432558265
2018-12-31,0.007812169768036417
2019-01-01,0.006805878184867777
2019-01-02,0.019365746226992088
2019-01-03,-0.005836501391071429
2019-01-04,0.0014138712391045302
2019-01-07,-0.01460546079682953
2019-01-08,-0.012854942412619773
2019-01-09,-0.023957535599256702
2019-01-10,-0.022150612026613597
2019-01-11,0.00010367352839836367
2019-01-14,-0.015094644726941196
2019-01-15,0.005702553358877757
2019-01-16,0.008498452494122125
2019-01-17,-0.023866805492787385
2019-01-18,0.0028809078243354188
2019-01-21,-0.006275281298707338
2019-01-22,0.0035979240994302697
2019-01-23,-0.0004088646274413348
2019-01-24,0.023923778921331133
2019-01-25,0.02170185921096844
2019-01-28,0.007247549975625922
2019-01-29,0.0020738653800981503
2019-01-30,0.01171438787189144
2019-01-31,0.007789085225309723
2019-02-01,-0.005838514100611833
2019-02-04,-0.0004679677231112906
2019-02-05,0.0039166765761458255
2019-02-06,0.011187604816783384
2019-02-07,0.005386942875087581
2019-02-08,0.013307948025844576
2019-02-11,-0.017338128558306697
2019-02-12,0.015678667976004496
2019-02-13,-0.00566062442318204
2019-02-14,-0.0005354196845426569
2019-02-15,0.013308610745497553
2019-02-18,-0.008914912674777483
2019-02-19,-0.013000425238550545
2019-02-20,0.00667608639237898
2019-02-21,0.0003832293172684307
2019-02-22,-0.004273162345913636
2019-02-25,0.0048883791289014
2019-02-26,0.013926549761690747
2019-02-27,0.004920326212187246
2019-02-28,0.0036713722256914868
2019-03-01,-0.005311922372417267
2019-03-04,0.014854679854000005
2019-03-05,0.008450737528361795
2019-03-06,0.010053437460131
2019-03-07,0.0025487168388210794
2019-03-08,-0.0012516172150042067
2019-03-11,0.016179543170604098
2019-03-12,-0.0064239665316966395
2019-03-13,-0.006837908124914515
2019-03-14,0.0114965580366764
2019-03-15,0.028200630004390548
2019-03-18,0.006517363418435813
2019-03-19,-0.009908790128502836
2019-03-20,-0.0008310532840156885
2019-03-21,-0.0022986792141098224
2019-03-22,-0.022740425473801985
2019-03-25,0.012548971660266584
2019-03-26,-0.00820304833378945
2019-03-27,-0.0075202929510268645
2019-03-28,-0.002929815096260829
2019-03-29,0.02444996960412808
2019-04-01,0.006418625808973247
2019-04-02,-0.017904564294506167
2019-04-03,0.0030821149974930816
2019-04-04,-0.01463130299822411
2019-04-05,0.002687321735471593
2019-04-08,0.009280845984186908
2019-04-09,0.022449226960607856
2019-04-10,0.016766127311343908
2019-04-11,0.03165727234625555
2019-04-12,-0.010203794009875066
2019-04-15,-0.008488479126587144
2019-04-16,-0.0016941410302254603
2019-04-17,0.009465067324339688
2019-04-18,-0.00490194327640606
2019-04-19,-0.01741251489104734
2019-04-22,0.01876818618169944
2019-04-23,-0.002634290387891764
2019-04-24,-0.01018794016533654
2019-04-25,-0.0008599284191151364
2019-04-26,0.015340937140148003
2019-04-29,0.005455369332364697
2019-04-30,-0.0022665938209036744
2019-05-01,0.008538289316707937
2019-05-02,0.003817331151260391
2019-05-03,0.0337936709844102
2019-05-06,0.0005737254517166453
2019-05-07,-0.005117263408338524
2019-05-08,-0.009143176085514699
2019-05-09,0.001667347827079803
2019-05-10,-0.020483908050312756
2019-05-13,0.005905194849349737
2019-05-14,0.0054937580776313775
2019-05-15,0.006447521623795262
2019-05-16,-0.026198871756897196
2019-05-17,0.017600794572291346
2019-05-20,0.007746852753985386
2019-05-21,0.005505965349579748
2019-05-22,-0.009215867767059256
2019-05-23,-0.004697860102998823
2019-05-24,0.004843558802633675
2019-05-27,0.0014295338446546984
2019-05-28,0.004305269510429569
2019-05-29,0.022684450775227096
2019-05-30,0.004003333708217708
2019-05-31,0.0027137440798970227
2019-06-03,-0.0038799911521102963
2019-06-04,-0.014130140935762564
2019-06-05,-0.0014074373563016393
2019-06-06,-0.012312115281390467
2019-06-07,-0.0060796529448422995
2019-06-10,-0.0016424500158453638
2019-06-11,-0.006523932321257595
2019-06-12,-0.012110778771316685
2019-06-13,-0.008913767679737597
2019-06-14,-0.01884468320779477
2019-06-17,0.004523204242571051
2019-06-18,0.0010261928433686388
2019-06-19,0.01058747707324234
2019-06-20,0.014064765715277486
2019-06-21,-0.006770665874724236
2019-06-24,0.023924696962867704
2019-06-25,-0.011419293408119079
2019-06-26,0.01937406656827038
2019-06-27,0.0067907301523909185
2019-06-28,0.017875120615688703
2019-07-01,0.0008183307600128683
2019-07-02,0.0013107894908213993
2019-07-03,-0.009586470765596988
2019-07-04,0.00032738506225423207
2019-07-05,0.013646190579109544
2019-07-08,-0.0018873641788690215
2019-07-09,0.02560764645434305
2019-07-10,-0.005014285430178582
2019-07-11,0.0022348621018458297
2019-07-12,0.02201149697099214
2019-07-15,0.021672917776572168
2019-07-16,-0.0018782585299485259
2019-07-17,0.0062107363812022465
2019-07-18,-0.00032095240560865105
2019-07-19,0.002506117265608003
2019-07-22,-0.0010258668300744326
2019-07-23,0.00996145244532026
2019-07-24,-0.0028218753606111344
2019-07-25,-0.0025254094388433737
2019-07-26,0.005721145615102719
2019-07-29,0.0005111158492598982
2019-07-30,-0.014892156337299192
2019-07-31,-0.001857854511018821
2019-08-01,0.012244873392510859
2019-08-02,0.010404050119185064
2019-08-05,-0.011313641303165
2019-08-06,0.025059223036699847
2019-08-07,0.0014084264701975662
2019-08-08,0.01293243708000278
2019-08-09,-0.010733628248719436
2019-08-12,-0.0031344654650423583
2019-08-13,-0.008017183108158158
2019-08-14,0.005129326804998333
2019-08-15,0.0025809541290167863
2019-08-16,0.007955648846583164
2019-08-19,-0.0054457844824528645
2019-08-20,0.013868400287933394
2019-08-21,0.020703033246613295
2019-08-22,-0.018597390727559483
2019-08-23,0.004993882071084311
2019-08-26,-0.013194897587078553
2019-08-27,0.004207808839680849
2019-08-28,-0.01736373579009602
2019-08-29,0.01228757079761731
2019-08-30,-0.017708199345689613
2019-09-02,-0.004177575492061741
2019-09-03,-0.0007777823670469943
2019-09-04,0.018628929308757137
2019-09-05,-0.00439868564756609
2019-09-06,0.01797576319510891
2019-09-09,0.014415171892113011
2019-09-10,-0.012717867105201713
2019-09-11,0.005766130417427415
2019-09-12,0.006062545304176121
2019-09-13,0.012022324840985915
2019-09-16,0.00024667358135703964
2019-09-17,0.0007125567699847601
2019-09-18,-0.02140058754530565
2019-09-19,0.010461780644362541
2019-09-20,-0.006901331032821791
2019-09-23,0.012906559156848647
2019-09-24,-0.0033898691125295605
2019-09-25,-0.015258567801271859
2019-09-26,-0.002163386420222528
2019-09-27,-0.012352511448682626
2019-09-30,-0.011293856765979993
2019-10-01,0.0020008480280574188
2019-10-02,0.0015404951947594367
2019-10-03,-0.006434400669360487
2019-10-04,-0.005740109282247126
2019-10-07,0.014699331804758388
2019-10-08,-0.017362235441420817
2019-10-09,0.005838297530689481
2019-10-10,-0.007804629549890932
2019-10-11,0.004088939367083175
2019-10-14,0.012240964347128616
2019-10-15,0.0010640797464726353
2019-10-16,0.030466444518994072
2019-10-17,0.004402794437868389
2019-10-18,0.01972257489415925
2019-10-21,0.01953602901038789
2019-10-22,0.003171015077045228
2019-10-23,-0.0036385382017769734
2019-10-24,0.01885766275912434
2019-10-25,-0.005344231904849604
2019-10-28,-0.0014474193287164392
2019-10-29,-0.0004124440007956425
2019-10-30,0.016051030933065907
2019-10-31,-0.006218249258105258
2019-11-01,0.0012781223909686642
2019-11-04,-0.009175886973737796
2019-11-05,-0.006209974503478273
2019-11-06,-0.0038160576337853175
2019-11-07,-0.03708480192476276
2019-11-08,0.009930868571614196
2019-11-11,0.0068127394239130635
2019-11-12,-0.004260423469387918
2019-11-13,-0.004489021512500283
2019-11-14,-0.01934843847659502
2019-11-15,-0.002322542593577212
2019-11-18,0.01403565557283755
2019-11-19,0.015616906312181248
2019-11-20,-0.004623698733694378
2019-11-21,-0.003646066738240431
2019-11-22,0.004671145401552892
2019-11-25,0.023177052533889658
2019-11-26,0.013810233153765167
2019-11-27,0.00972218688527149
2019-11-28,0.005647636377354207
2019-11-29,-0.018520597643056632
2019-12-02,-0.007985100026868945
2019-12-03,0.008557100737832408
2019-12-04,-0.01108471918708597
2019-12-05,0.006889548003392477
2019-12-06,-0.009049167413947658
2019-12-09,-0.00838145596577775
2019-12-10,0.02465489956998796
2019-12-11,-0.0017357052009702757
2019-12-12,0.0013532508008963283
2019-12-13,0.013177606266659245
2019-12-16,0.018893410401404714
2019-12-17,0.02180852399952414
2019-12-18,-0.009442332061336427
2019-12-19,0.005633279608452528
2019-12-20,-0.013698397331357411
2019-12-23,-0.02397178687010956
2019-12-24,-0.004710089160981351
2019-12-25,-0.009172498616571677
2019-12-26,0.0156193593811814
2019-12-27,0.0027328839582919915
2019-12-30,0.008086783478321483
2019-12-31,0.0006305479716476125
2020-01-01,0.011283810416362533
2020-01-02,-0.004349942375838818
2020-01-03,0.0010673023112490862
2020-01-06,0.01032481798234647
2020-01-07,-0.0022255574166986218
2020-01-08,-0.004836955684225408
2020-01-09,0.0026488765615441763
2020-01-10,0.032705766546774706
2020-01-13,-0.009516969674549599
2020-01-14,-0.0022842458864251133
2020-01-15,0.01523121259327028
2020-01-16,0.007926506100324325
2020-01-17,0.015235435786838163
2020-01-20,-0.015878821762131994
2020-01-21,-0.0024357002179183507
2020-01-22,-0.01671339621957698
2020-01-23,-0.015304552087639894
2020-01-24,0.0005839140406541741
2020-01-27,-0.012805613579397407
2020-01-28,-0.009057447995087738
2020-01-29,-0.008162018451248872
2020-01-30,0.011397353078299208
2020-01-31,0.008754176075557393
2020-02-03,0.012432868101698519
2020-02-04,0.012658364311888985
2020-02-05,-0.013358455414914714
2020-02-06,0.01409381076767749
2020-02-07,-4.939292010481156e-05
2020-02-10,0.00938337990420907
2020-02-11,-0.011744148062046274
2020-02-12,-0.009831889464255252
2020-02-13,-0.003668381393693613
2020-02-14,0.0016139322110497695
2020-02-17,0.00799547651200298
2020-02-18,-0.00753761792644924
2020-02-19,0.012542511435966673
2020-02-20,-0.014530294514690654
2020-02-21,0.01157336958692605
2020-02-24,-0.005353970743118787
2020-02-25,0.012972889504623938
2020-02-26,-0.0012829021031267249
2020-02-27,0.014001477215053869
2020-02-28,0.002349592100362342
2020-03-02,0.004722965567772602
2020-03-03,0.007474057294614627
2020-03-04,-0.0012197981004388693
2020-03-05,0.00942583341845822
2020-03-06,-0.009360417907032915
2020-03-09,-0.010932449622662734
2020-03-10,-0.0019717993230082575
2020-03-11,0.0016269907060529006
2020-03-12,-0.001046481795331163
2020-03-13,-0.017041399356797295
2020-03-16,0.004954602329229173
2020-03-17,-0.008841511859567733
2020-03-18,0.010864890080363447
2020-03-19,-0.024133912538310296
2020-03-20,0.005288212918123676
2020-03-23,0.007256837724950051
2020-03-24,-0.0020009688428965183
2020-03-25,-0.001528080194109193
2020-03-26,0.020016570290365618
2020-03-27,0.0021135896128380446
2020-03-30,-0.007911922800825213
2020-03-31,-0.011420993151647438
2020-04-01,0.013949904700987031
2020-04-02,0.016888712839588794
2020-04-03,0.006895583697794832
2020-04-06,-0.0070351308089744435
2020-04-07,0.005395246526063317
2020-04-08,0.0143997246632182
2020-04-09,0.011232241230855922
2020-04-10,-0.005593432206977371
2020-04-13,0.001476159977711018
2020-04-14,0.01958778164075536
2020-04-15,-0.0013062143061663583
2020-04-16,-0.003429165421021382
2020-04-17,-0.019474260215946247
2020-04-20,-0.0006724786228194584
2020-04-21,0.01419904129465746
2020-04-22,-0.007057815035067525
2020-04-23,0.0063189344145300405
2020-04-24,-0.005995210754377773
2020-04-27,-0.009768452710185659
2020-04-28,-0.001654785229238539
2020-04-29,0.0020268943072877217
2020-04-30,0.002490743375045347
2020-05-01,0.003727684393826384
2020-05-04,-0.01066913344462949
2020-05-05,-0.018006453723183703
2020-05-06,-0.000111323728615838
2020-05-07,0.01724939081265268
2020-05-08,0.005985738306965256
2020-05-11,-0.01815761348153845
2020-05-12,0.0112987885554726
2020-05-13,-0.005479688727140918
2020-05-14,-0.001614464666589131
2020-05-15,-0.006838902069498694
2020-05-18,0.00763575543580898
2020-05-19,-0.004598443742698165
2020-05-20,0.00414944167532904
2020-05-21,-0.0008635618791454396
2020-05-22,0.0038217759409870074
2020-05-25,0.003631037714688727
2020-05-26,-0.007240415288540235
2020-05-27,0.00954526650840033
2020-05-28,0.005502648030974444
2020-05-29,0.0038304733869346905
2020-06-01,-0.006825099606013027
2020-06-02,0.005785713680801634
2020-06-03,0.012653042087828551
2020-06-04,-0.007593003155760766
2020-06-05,0.009307105390997682
2020-06-08,0.0015225254756781794
2020-06-09,-0.00881063026350165
2020-06-10,-0.0037983047026729773
2020-06-11,0.0037956055787491893
2020-06-12,0.0081351821653887
2020-06-15,0.029638470118101428
2020-06-16,0.000510029948957194
2020-06-17,0.004656778604548227
2020-06-18,-0.007157387851684302
2020-06-19,0.020960480556174617
2020-06-22,-0.003954509012871286
2020-06-23,0.006023340327900818
2020-06-24,-0.005126798720536945
2020-06-25,-0.0063264739126047695
2020-06-26,0.007686064809165501
2020-06-29,0.012916858867531392
2020-06-30,0.016151199699196594
2020-07-01,0.018249104272777004
2020-07-02,0.0043796116360109065
2020-07-03,0.017581158106160486
2020-07-06,0.00556574055657119
2020-07-07,0.022056740586643465
2020-07-08,0.002936902914400977
2020-07-09,0.018324406375378535
2020-07-10,-0.010457625589024865
2020-07-13,-0.028603609638649635
2020-07-14,0.019935789898291426
2020-07-15,-0.004295225448935189
2020-07-16,0.0057967078773190055
2020-07-17,-0.005870886076031847
2020-07-20,-0.003034830706893279
2020-07-21,-0.014278510613950206
2020-07-22,-0.010902173216537463
2020-07-23,0.004428378574790127
2020-07-24,-0.0158816596350177
2020-07-27,0.012822661520681167
2020-07-28,0.015353937483900355
2020-07-29,0.009411936655807035
2020-07-30,-0.007278207466329552
2020-07-31,0.002518618623658851
2020-08-03,-0.02092619706778227
2020-08-04,-0.012374911925424423
2020-08-05,-0.005892573421380704
2020-08-06,0.009894660870430953
2020-08-07,-0.00404416165498452
2020-08-10,0.023539746862264028
2020-08-11,-0.0021730296408944295
2020-08-12,0.013631749865190413
2020-08-13,-0.02116359193524606
2020-08-14,-0.018691940597676874
2020-08-17,0.0073527697361977585
2020-08-18,0.010867574669241898
2020-08-19,0.002529239177896337
2020-08-20,-0.012056070565670148
2020-08-21,-0.006255803017727182
2020-08-24,0.002057489271484
2020-08-25,0.0007431992369227334
2020-08-26,-0.0010071288009424308
2020-08-27,-0.013020489575059621
2020-08-28,-0.0035269661005053574
2020-08-31,0.000256868995947374
2020-09-01,-0.0034855868096989504
2020-09-02,0.034295223560353444
2020-09-03,-0.0006719370849061847
2020-09-04,0.0077525698553783905
2020-09-07,0.014672554193181975
2020-09-08,-0.00042476511026897897
2020-09-09,-0.00592379754727578
2020-09-10,-0.0010035893163556592
2020-09-11,-0.0012717857894489417
2020-09-14,0.01688479696030115
2020-09-15,0.02172134141624565
2020-09-16,3.315435253149919e-05
2020-09-17,-0.005182301349654454
2020-09-18,-0.0017901520443474321
2020-09-21,-0.00228295745507978
2020-09-22,0.008176842752341538
2020-09-23,-0.015036446741454521
2020-09-24,0.008215392195923276
2020-09-25,0.008075610056011748
2020-09-28,0.01588443612758617
2020-09-29,0.015878255324763283
2020-09-30,0.0052486909241852035
2020-10-01,0.006355197387784892
2020-10-02,-0.0061108671084275585
2020-10-05,-0.002190732345337338
2020-10-06,-0.0074576678547628
2020-10-07,0.027686965989989872
2020-10-08,-0.003977333095093243
2020-10-09,-0.006863811561544731
2020-10-12,0.014456858837724922
2020-10-13,-0.01745278644713779
2020-10-14,0.003965523429718542
2020-10-15,-0.0036947102766764135
2020-10-16,-0.01084964418405955
2020-10-19,-0.004336189004710374
2020-10-20,-0.0022899151268830284
2020-10-21,0.0011503351665953982
2020-10-22,0.0014654692586015768
2020-10-23,-0.007524133210270163
2020-10-26,0.007562635340654088
2020-10-27,-0.008345687817918255
2020-10-28,-0.008834120540254193
2020-10-29,-0.014764358635453468
2020-10-30,-0.008840178044043896
2020-11-02,0.023048482951854948
2020-11-03,-0.008716300232462929
2020-11-04,0.006336518262357337
2020-11-05,-0.005908911502793039
2020-11-06,7.364664071867952e-05
2020-11-09,0.0045543275393021875
2020-11-10,-0.02759780942007572
2020-11-11,-0.010709916979772145
2020-11-12,0.002899379276449605
2020-11-13,0.01636646279648766
2020-11-16,0.0052154574570765395
2020-11-17,0.02134223077048157
2020-11-18,0.015734078364103326
2020-11-19,-0.0013288463479649488
2020-11-20,-0.022910411337594222
2020-11-23,0.01888926268847044
2020-11-24,0.006690486275782956
2020-11-25,-0.010046595707935322
2020-11-26,0.018542376886211038
2020-11-27,0.006986899787682095
2020-11-30,0.013170470856077409
2020-12-01,0.01757041511882461
2020-12-02,0.025440646882574875
2020-12-03,-0.001965773146453982
2020-12-04,-0.01241034307042151
2020-12-07,-0.0033241072058127954
2020-12-08,-0.010392177244762256
2020-12-09,0.005800709077411316
2020-12-10,0.008227456646585224
2020-12-11,-0.02519948061151274
2020-12-14,-0.008912686393970108
2020-12-15,-0.011383012535802416
2020-12-16,0.02695678216257426
2020-12-17,0.00451984614701666
2020-12-18,0.018057989476244107
2020-12-21,-0.01073790433508682
2020-12-22,-0.013331269672713813
2020-12-23,0.002905479744906264
2020-12-24,-0.023698043961068286
2020-12-25,-0.005255930806671644
2020-12-28,0.012813976478989674
2020-12-29,0.005806662508465074
2020-12-30,0.008826721288003422
2020-12-31,0.019998236865111617
2021-01-01,0.027431959179977077
2021-01-04,0.0065456662434712305
2021-01-05,0.005490790910545633
2021-01-06,0.011126905517444559
2021-01-07,0.007144905869447357
2021-01-08,-0.005825493771349267
2021-01-11,-0.005882863333976069
2021-01-12,-0.011899807854530745
2021-01-13,-0.007168538157878804
2021-01-14,0.008155251973570964
2021-01-15,0.023926934582698962
2021-01-18,0.008041239096254356
2021-01-19,0.007528919521006057
2021-01-20,0.00732574333148032
2021-01-21,-0.0022760263635191224
2021-01-22,-0.009065936692492999
2021-01-25,0.01318410263532431
2021-01-26,-0.009025906288159262
2021-01-27,-0.004134347093207555
2021-01-28,0.0021750206114382786
2021-01-29,0.017583569340533452
2021-02-01,-0.0028858665464552105
2021-02-02,0.0043261087833333335
2021-02-03,0.005984038683510073
2021-02-04,-0.0106869625445865
2021-02-05,0.0005888222193086851
2021-02-08,0.013179001349963563
2021-02-09,-0.0003902976576821359
2021-02-10,-0.006656601516194251
2021-02-11,-0.005172064425911014
2021-02-12,0.013334273515888033
2021-02-15,0.013898007123619549
2021-02-16,0.0035126251182864146
2021-02-17,-0.0032868601809685634
2021-02-18,0.004601716419827892
2021-02-19,-0.012917538422641045
2021-02-22,-0.001002603335777241
2021-02-23,-0.00846011576190023
2021-02-24,-0.004908451199108935
2021-02-25,-0.018345333951415715
2021-02-26,-0.006186256656581562
2021-03-01,-0.008209907245410679
2021-03-02,-0.01563786693225596
2021-03-03,-0.0059043526119933664
2021-03-04,0.0018458078109243152
2021-03-05,0.003481854946200069
2021-03-08,0.004506546568577961
2021-03-09,-0.005868621590766852
2021-03-10,-0.011058787763319063
2021-03-11,-0.006195636149754943
2021-03-12,-0.023656543683653154
2021-03-15,0.0023396924617672126
2021-03-16,0.005692110836871178
2021-03-17,0.019582031831889026
2021-03-18,-0.004125006700477274
2021-03-19,0.01180901359350159
2021-03-22,-0.004823945309237055
2021-03-23,-0.003989573841278361
2021-03-24,0.015287015901571808
2021-03-25,-0.009415131327229952
2021-03-26,-0.005098515616604106
2021-03-29,0.008764874916487433
2021-03-30,-0.009362385554031101
2021-03-31,-0.0014460974110390395
2021-04-01,0.0014990153461000495
2021-04-02,0.0011413984011790722
2021-04-05,-0.036928568798864775
2021-04-06,-0.000987902134441517
2021-04-07,0.020005856822592025
2021-04-08,-0.011696018794249932
2021-04-09,0.0032878158937193415
2021-04-12,0.005538331367489342
2021-04-13,-0.0009165484663722462
2021-04-14,-0.011007029037674549
2021-04-15,-0.0024753265008193933
2021-04-16,-0.0036480044808942093
2021-04-19,-0.008893515578216044
2021-04-20,-0.015282124035402935
2021-04-21,-0.011845554966372272
2021-04-22,-0.010389109013960611
2021-04-23,0.020834817774079355
2021-04-26,0.017348256823184697
2021-04-27,0.006907551848824223
2021-04-28,-0.01643760224018841
2021-04-29,-0.010285512857315963
2021-04-30,0.01540768072346505
2021-05-03,0.030337363574178492
2021-05-04,-0.0035067216137138154
2021-05-05,-0.009611551861260975
2021-05-06,-0.006060178713297389
2021-05-07,-0.001748010279203559
2021-05-10,0.0068640686397975085
2021-05-11,-0.02955936498515003
2021-05-12,0.0012857268381054865
2021-05-13,0.001666321643722323
2021-05-14,-0.009141285295259736
2021-05-17,-0.004510798905354188
2021-05-18,0.013141183979282307
2021-05-19,0.010225781596194583
2021-05-20,0.0025008950764980626
2021-05-21,-0.001472734067566108
2021-05-24,-0.012209453482810353
2021-05-25,0.01939345742784468
2021-05-26,-0.005522023771237592
2021-05-27,0.01983398945400925
2021-05-28,0.012975155004640141
2021-05-31,-0.0005621366983174617
2021-06-01,-0.003107243363557345
2021-06-02,0.0055136093900740755
2021-06-03,-0.010189681839198793
2021-06-04,-0.02357361246790603
2021-06-07,0.006173150468220533
2021-06-08,0.007928701481726428
2021-06-09,0.00742722048333073
2021-06-10,0.010491502979238818
2021-06-11,0.03300414355476615
2021-06-14,0.010011679899660064
2021-06-15,-0.006575787888739524
2021-06-16,-0.009968691875290512
2021-06-17,0.01055063322359461
2021-06-18,0.0023897882264495595
2021-06-21,-0.0043756020384034654
2021-06-22,-0.002467077193293447
2021-06-23,0.01233353756179956
2021-06-24,-0.003255304130484989
2021-06-25,-0.010560912747230353
2021-06-28,0.013983510891608254
2021-06-29,0.0015422749710072652
2021-06-30,-0.005470010841539318
2021-07-01,-0.00694434810495303
2021-07-02,0.0004928626081992009
2021-07-05,-0.005953621157220148
2021-07-06,-0.000502160822701283
2021-07-07,0.011449118294781407
2021-07-08,0.0013666833934072435
2021-07-09,0.01756078798080193
2021-07-12,0.005691670103597792
2021-07-13,0.007560477740813339
2021-07-14,-0.004143981018194342
2021-07-15,0.003234520714603828
2021-07-16,-0.0005432433995258423
2021-07-19,0.008933529704862709
2021-07-20,0.01736038976737668
2021-07-21,-0.016306043770969746
2021-07-22,0.0015233308662693625
2021-07-23,-0.008648978653003863
2021-07-26,0.004658249833248587
2021-07-27,0.012155219385370073
2021-07-28,0.005798883886988734
2021-07-29,0.0037874669688009793
2021-07-30,-0.0023671072792757503
2021-08-02,0.004407202140679621
2021-08-03,0.009124978448881235
2021-08-04,0.002448392063416146
2021-08-05,0.02376954636766483
2021-08-06,-0.0076740066130189175
2021-08-09,-0.009804142040646564
2021-08-10,0.008608757480956176
2021-08-11,-0.006935545411376036
2021-08-12,-0.003518074651465633
2021-08-13,0.02084523340910975
2021-08-16,-0.007219303890725276
2021-08-17,-0.0030180891292292925
2021-08-18,0.007802029222090834
2021-08-19,0.011141789085921578
2021-08-20,-0.003733082831755354
2021-08-23,0.005409942042562185
2021-08-24,-0.0017173036284952891
2021-08-25,-0.020725927250459988
2021-08-26,0.004904772059380139
2021-08-27,-0.0020716193901061134
2021-08-30,0.0014503528914544667
2021-08-31,0.011725208739543058
2021-09-01,-0.01863062030370881
2021-09-02,-0.0007895451248539921
2021-09-03,0.015314301068771288
2021-09-06,0.0017182469596841608
2021-09-07,-0.005417925792678383
2021-09-08,0.00882210055878517
2021-09-09,0.010524156864715585
2021-09-10,-0.026660347466179807
2021-09-13,-0.00601575105121375
2021-09-14,0.008628447666919488
2021-09-15,0.006509030264582284
2021-09-16,0.024510220730047744
2021-09-17,0.029370298357627327
2021-09-20,0.007968159606601917
2021-09-21,0.010971250850686691
2021-09-22,-0.010062447461719332
2021-09-23,0.015620483344789242
2021-09-24,-0.0030691553084785054
2021-09-27,-0.014191826487385076
2021-09-28,0.0022588538855916923
2021-09-29,0.013360783388165846
2021-09-30,0.008387666503315919
2021-10-01,0.021876951587588542
2021-10-04,0.008890614730368927
2021-10-05,-0.004039627418246554
2021-10-06,-0.013150590341457373
2021-10-07,-0.016169127391942182
2021-10-08,-0.007292617622295599
2021-10-11,0.009555851353112703
2021-10-12,-0.009842706172382311
2021-10-13,0.023733338859594545
2021-10-14,-0.0052140538335451285
2021-10-15,-0.016663570177192354
2021-10-18,0.003041270721750578
2021-10-19,-0.005953582310249999
2021-10-20,0.00013553678634267453
2021-10-21,0.016603626562243873
2021-10-22,-0.017305446185048583
2021-10-25,-0.02453325893622692
2021-10-26,0.01875172275839261
2021-10-27,-0.016346772545930723
2021-10-28,-0.025465237846790736
2021-10-29,-0.027002308985241155
2021-11-01,0.003885691795614052
2021-11-02,-0.007665067151432061
2021-11-03,-0.0015483866259264657
2021-11-04,0.007192863542868837
2021-11-05,-0.008467727068501876
2021-11-08,0.004287436966767343
2021-11-09,0.010240255526121247
2021-11-10,0.010042346611753121
2021-11-11,0.003515954554649114
2021-11-12,-0.0035557757090248564
2021-11-15,-0.013974973689915364
2021-11-16,0.005718621308022533
2021-11-17,0.0047491829743558115
2021-11-18,-0.03699195433266738
2021-11-19,-0.003470722870343604
2021-11-22,-0.007372358126315268
2021-11-23,0.01171060881035925
2021-11-24,0.009709322370531936
2021-11-25,0.01593564969652621
2021-11-26,-0.0010769763812553952
2021-11-29,-0.015968287351160508
2021-11-30,-0.005743965771011379
2021-12-01,0.0190115473648074
2021-12-02,-0.0021029196095420986
2021-12-03,-0.009688768693570658
2021-12-06,-0.012257582593476351
2021-12-07,0.008156577159922377
2021-12-08,0.015587304033246641
2021-12-09,-0.006749527534851193
2021-12-10,-0.0008722891970139004
2021-12-13,-0.0010886052513817013
2021-12-14,-0.009240922205661013
2021-12-15,-0.0008974764093270165
2021-12-16,0.00645422937240413
2021-12-17,-0.0074954261776871076
2021-12-20,-0.006322877425805329
2021-12-21,0.026207872513257915
2021-12-22,-0.007399402072398767
2021-12-23,-0.007677261614850529
2021-12-24,-0.0008450934906381093
2021-12-27,-0.004759512921433287
2021-12-28,0.01757248879032175
2021-12-29,0.026539793835876256
2021-12-30,-0.003694614930095008
2021-12-31,0.020843365720654386
2022-01-03,-0.023606044813839547
2022-01-04,0.0163978665578964
2022-01-05,0.00036379546674837886
2022-01-06,-0.008043478569368023
2022-01-07,-0.021194314682445394
2022-01-10,0.010029416622702545
2022-01-11,0.013431469880734829
2022-01-12,-0.011975284582438983
2022-01-13,0.007542967442695144
2022-01-14,-0.014619422384530642
2022-01-17,0.0027488507816644547
2022-01-18,0.005446548292286122
2022-01-19,-0.00946985157664284
2022-01-20,0.002992817506769848
2022-01-21,-0.01633693278318585
2022-01-24,-0.009584505954874681
2022-01-25,0.0037537801998954717
2022-01-26,-0.014017479736503764
2022-01-27,-0.01057738416062708
2022-01-28,0.00963943924104598
2022-01-31,0.005278352817835089
2022-02-01,-0.005039186363189143
2022-02-02,0.012769780268815313
2022-02-03,0.020963580740933026
2022-02-04,-0.006883811896848843
2022-02-07,0.014559768262530552
2022-02-08,0.003912058280748235
2022-02-09,-0.001180500035003914
2022-02-10,0.008242489000552923
2022-02-11,-0.0017984776641166355
2022-02-14,-0.001583919423873122
2022-02-15,-0.011637418079605309
2022-02-16,0.02486192943883765
2022-02-17,0.006724632975698756
2022-02-18,0.002087105151527261
2022-02-21,0.0037509153328026293
2022-02-22,0.019432884391503577
2022-02-23,0.002747867387041051
2022-02-24,-0.0027775069638196837
2022-02-25,-0.002975372320561072
2022-02-28,-0.016257654552120467
2022-03-01,-0.009219187330954741
2022-03-02,0.00730471921869511
2022-03-03,-0.024526167316490533
2022-03-04,-0.015710563561626083
2022-03-07,-0.012391872830701967
2022-03-08,-0.013197139004176545
2022-03-09,-0.017464218259281884
2022-03-10,-0.0065068332664031826
2022-03-11,0.010477839259216843
2022-03-14,-0.011475699287750994
2022-03-15,-0.001040128850822871
2022-03-16,-0.0068383056100560675
2022-03-17,-0.00778450528926327
2022-03-18,0.0037084604882380223
2022-03-21,-0.010226311892758215
2022-03-22,-0.005770271079301692
2022-03-23,0.012659706519746938
2022-03-24,0.012355122751465055
2022-03-25,-0.0031033413650495886
2022-03-28,-0.0066891570863380455
2022-03-29,-0.02244123740844176
2022-03-30,0.012543903519211518
2022-03-31,-0.014526015549099004
2022-04-01,0.014967606940149012
2022-04-04,8.685359988251374e-05
2022-04-05,0.0026903968422957096
2022-04-06,-0.010296819232198851
2022-04-07,0.005445234240850744
2022-04-08,-0.0038605708964084278
2022-04-11,-0.01637100552043805
2022-04-12,-0.01151912774174332
2022-04-13,0.0004928610546035038
2022-04-14,-0.019862848357816095
2022-04-15,0.0005611335067495331
2022-04-18,-0.021586886841039547
2022-04-19,-0.010929332120587025
2022-04-20,0.01780204175112579
2022-04-21,-0.01311526141141902
2022-04-22,0.00577924943073555
2022-04-25,-0.00658078982184387
2022-04-26,-0.0141450540534615
2022-04-27,0.0002057333405557817
2022-04-28,0.017445639609612377
2022-04-29,-0.011532888590702
2022-05-02,-0.006253187319395602
2022-05-03,-0.01550471678338241
2022-05-04,0.0037009976469235682
2022-05-05,-0.009227702588922504
2022-05-06,-0.0009929147824580663
2022-05-09,-0.002893282865069103
2022-05-10,-0.0027828224321995603
2022-05-11,0.014190861042624523
2022-05-12,-0.003103797186932666
2022-05-13,0.012154682289983463
2022-05-16,-0.01135835050466265
2022-05-17,0.008536768123382516
2022-05-18,-0.02514746381296145
2022-05-19,0.00813606366385101
2022-05-20,-0.00808483323450275
2022-05-23,0.0023507905442248095
2022-05-24,-0.008088424672004832
2022-05-25,0.014772203139015406
2022-05-26,-0.005323587512761435
2022-05-27,-0.0021667578195688287
2022-05-30,-0.023670877246639955
2022-05-31,0.005144274402921073
2022-06-01,0.015345702980482863
2022-06-02,-0.004422928897129562
2022-06-03,-0.012067972569662123
2022-06-06,-0.005369464790059215
2022-06-07,0.00021563358213922247
2022-06-08,0.0026418219815855753
2022-06-09,-0.008175268558121973
2022-06-10,-0.004385403608175494
2022-06-13,0.007669107612436442
2022-06-14,0.008302080917556295
2022-06-15,0.023475976524590353
2022-06-16,0.006677746640664552
2022-06-17,-0.0044004212448171985
2022-06-20,0.02143655315217037
2022-06-21,0.00312079581364164
2022-06-22,0.008084527095473842
2022-06-23,-0.0036831004920750217
2022-06-24,0.012077523709744511
2022-06-27,0.012224656961656729
2022-06-28,-0.007164058332145898
2022-06-29,-0.01494317374112622
2022-06-30,-0.009653470420972084
2022-07-01,0.005057755505923814
2022-07-04,0.0045338091596152765
2022-07-05,0.010857508276295289
2022-07-06,0.0054408913171080445
2022-07-07,0.008146363119718532
2022-07-08,-0.011116187359562473
2022-07-11,0.0008943045502489293
2022-07-12,0.012894113018778196
2022-07-13,0.01858341117984094
2022-07-14,-0.010866039605680108
2022-07-15,0.01111877742627235
2022-07-18,-0.002133114927133262
2022-07-19,-0.0053518704184020655
2022-07-20,-0.00035355791926772314
2022-07-21,0.02031585678743725
2022-07-22,-0.015465290298172583
2022-07-25,0.005704873456423058
2022-07-26,0.00185911997679263
2022-07-27,-0.017683908708796617
2022-07-28,-0.020877724718884372
2022-07-29,-0.02410458925630056
2022-08-01,0.0008482979529319751
2022-08-02,0.010114505194547133
2022-08-03,-0.0006858267158677424
2022-08-04,0.009086002573919732
2022-08-05,-0.01786928759479654
2022-08-08,-0.007872357811773445
2022-08-09,0.008241954989728451
2022-08-10,0.014747609229597338
2022-08-11,-0.011502877517827024
2022-08-12,-0.0014672417241095759
2022-08-15,-0.007485405137985934
2022-08-16,-0.008157020484406178
2022-08-17,0.01327411559665601
2022-08-18,-0.00012411464696252667
2022-08-19,0.011710910374496489
2022-08-22,0.002160554518410744
2022-08-23,-0.004991188617464036
2022-08-24,-0.004989937208084517
2022-08-25,0.011296780221284346
2022-08-26,0.0022663528043274516
2022-08-29,-0.016049831076801108
2022-08-30,-0.011012359087776293
2022-08-31,0.009433024204956716
2022-09-01,-0.002056330053848736
2022-09-02,-0.009686419300097473
2022-09-05,0.00946979280668569
2022-09-06,6.637340342497729e-05
2022-09-07,0.001794875989629693
2022-09-08,-0.004887393983957769
2022-09-09,0.007946415458367042
2022-09-12,0.005824444049182583
2022-09-13,-0.0035100683883677584
2022-09-14,0.0021483346557942184
2022-09-15,0.01339559148217082
2022-09-16,0.01308971886531644
2022-09-19,0.0010700394937399832
2022-09-20,0.013716071159749876
2022-09-21,0.004956904594522759
2022-09-22,0.023368427210777712
2022-09-23,0.00926508325584468
2022-09-26,0.00027022439927349286
2022-09-27,-0.007675809445123723
2022-09-28,-0.00754471382469684
2022-09-29,0.005164974674290848
2022-09-30,0.006871139787467594
2022-10-03,0.008392278890490993
2022-10-04,-0.0011857356976104827
2022-10-05,0.010956142563856243
2022-10-06,-0.014704139363891136
2022-10-07,-0.007385878744095277
2022-10-10,0.006675088825844586
2022-10-11,-0.011442430758050444
2022-10-12,-0.009978809958802973
2022-10-13,-0.029175004307935792
2022-10-14,-0.01722509330634028
2022-10-17,0.003617356382051999
2022-10-18,0.01205239869671687
2022-10-19,-0.01587648335903156
2022-10-20,0.009669698199337986
2022-10-21,0.010420813762516763
2022-10-24,0.004332093872293358
2022-10-25,-0.009287029906525664
2022-10-26,-0.010152328905698033
2022-10-27,-0.003025565898080445
2022-10-28,-0.015063263291753922
2022-10-31,-0.010623208491525118
2022-11-01,0.0008167666575348136
2022-11-02,-0.023509803450933835
2022-11-03,-0.00930822882958802
2022-11-04,0.00126422271926065
2022-11-07,-0.0064063549143950245
2022-11-08,0.002371364033011453
2022-11-09,-0.004611421536564999
2022-11-10,-0.012165392964787951
2022-11-11,-0.004182982151412134
2022-11-14,-0.01102248205295794
2022-11-15,-0.0015819983747460023
2022-11-16,-0.020460355397461227
2022-11-17,0.009841089703955022
2022-11-18,-0.020806859964005515
2022-11-21,0.007055872056975417
2022-11-22,-0.003610330739310551
2022-11-23,0.005057293282808962
2022-11-24,0.0023856885035549915
2022-11-25,0.010789354883223912
2022-11-28,0.005965803817197103
2022-11-29,0.006073474500929935
2022-11-30,0.010846322630861514
2022-12-01,0.007403999040452129
2022-12-02,0.011492471972927625
2022-12-05,0.008270975763053575
2022-12-06,-0.001214427825801185
2022-12-07,0.02856672023104117
2022-12-08,-0.0013712835607170106
2022-12-09,-0.01078834193283378
2022-12-12,-0.007886729042542522
2022-12-13,0.002419603067209169
2022-12-14,-0.019581029447907017
2022-12-15,-0.016693511330321355
2022-12-16,-0.009769215988660972
2022-12-19,0.0001911381587128761
2022-12-20,-0.012360280251612822
2022-12-21,0.013579091519561307
2022-12-22,-0.013014022913415397
2022-12-23,0.01486575706450364
2022-12-26,-0.00401625657646885
2022-12-27,-0.0024430171553946538
2022-12-28,-0.02633457962069065
2022-12-29,-0.0039054616143866417
2022-12-30,0.021802010463838464
2023-01-02,-0.00736387576408192
2023-01-03,0.01065830911262119
2023-01-04,-0.015704918411389015
2023-01-05,-0.008752353373009667
2023-01-06,-0.013552345917507638
2023-01-09,-0.012191619512321289
2023-01-10,4.358055085260782e-05
2023-01-11,0.01933536161839528
2023-01-12,0.00850938081920999
2023-01-13,0.00925279649814851
2023-01-16,-0.008578484799539607
2023-01-17,0.0029923656359651966
2023-01-18,0.0004417600495346379
2023-01-19,0.008082842187742615
2023-01-20,0.0063847291663794116
2023-01-23,0.0019539763090612454
2023-01-24,0.0196089604157399
2023-01-25,0.01593315913214415
2023-01-26,-0.025851007781380324
2023-01-27,-0.006414413866229733
2023-01-30,0.022188030887539494
2023-01-31,-0.009783783816167662
2023-02-01,0.0008772249535319908
2023-02-02,0.0008944910535834364
2023-02-03,-0.005958894526092705
2023-02-06,0.0060849056959451295
2023-02-07,-0.01219854405385095
2023-02-08,-0.013071588436184901
2023-02-09,-0.00283210800723354
2023-02-10,-0.011446174968237495
2023-02-13,-0.0030291271459146627
2023-02-14,0.012747506512908959
2023-02-15,-0.0015764648258075422
2023-02-16,0.005585560973539188
2023-02-17,0.012838696108544217
2023-02-20,0.001940311790385201
2023-02-21,0.020839714985093273
2023-02-22,-0.0073961708522272285
2023-02-23,-0.01247427412314688
2023-02-24,-0.007290198658246385
2023-02-27,0.010450518349494736
2023-02-28,-0.0009454650544726196
2023-03-01,0.008039788594886252
2023-03-02,-0.002142956566171959
2023-03-03,-0.004013473927971717
2023-03-06,-0.010160639783315694
2023-03-07,-0.0022422621244231004
2023-03-08,-0.011399472720512551
2023-03-09,-0.006236997570608799
2023-03-10,0.0015609171274799864
2023-03-13,6.016615410061574e-05
2023-03-14,-0.004151704911329121
2023-03-15,-0.005704991115139778
2023-03-16,-0.007515720846071116
2023-03-17,0.01367125327506341
2023-03-20,0.0026177737938706354
2023-03-21,-0.006467665046232772
2023-03-22,0.024362467733834266
2023-03-23,-0.0052687631321897705
2023-03-24,-0.00027769063366639814
2023-03-27,0.0003029058541721189
2023-03-28,-0.001201147747752904
2023-03-29,0.019732347418296818
2023-03-30,0.007904167215026965
2023-03-31,0.01923524749259323
2023-04-03,0.008302468324643781
2023-04-04,0.004453519973180986
2023-04-05,-0.013979068665618518
2023-04-06,0.0019466032651847386
2023-04-07,-0.01866961049578947
2023-04-10,0.005510545670701851
2023-04-11,0.00216535270614142
2023-04-12,-0.008944889199759132
2023-04-13,-0.012893702305142698
2023-04-14,-0.014213340333849567
2023-04-17,-0.019038485320397584
2023-04-18,-0.005318109864928211
2023-04-19,0.000955826075843531
2023-04-20,-0.0010955147924541393
2023-04-21,-0.00996366562977474
2023-04-24,-0.00265421259908867
2023-04-25,0.00023134537178478985
2023-04-26,-0.0022304711466473045
2023-04-27,0.0018967800538434712
2023-04-28,0.0025031055203555675
2023-05-01,0.017484199649935986
2023-05-02,0.0027479903262545772
2023-05-03,0.018332736882678877
2023-05-04,0.005005116977775229
2023-05-05,-0.013040281807302382
2023-05-08,0.011378148185341217
2023-05-09,-0.014081010570380139
2023-05-10,-0.0066266171390479385
2023-05-11,0.02982083685981844
2023-05-12,0.00698365796786973
2023-05-15,0.009689165110834239
2023-05-16,0.0041275496271520355
2023-05-17,0.002865170800322059
2023-05-18,0.021307443263813536
2023-05-19,-0.015682187425185713
2023-05-22,-0.003597359464818857
2023-05-23,0.005117780442036664
2023-05-24,0.014706158343146465
2023-05-25,-7.265999982719498e-05
2023-05-26,0.001081874714252007
2023-05-29,-0.005631389459952679
2023-05-30,0.006143359811134712
2023-05-31,0.022939791693423583
2023-06-01,0.015125178289429721
2023-06-02,0.010344468614872405
2023-06-05,-0.0055105351584097875
2023-06-06,-0.011070372781941703
2023-06-07,-0.003642092084584847
2023-06-08,0.0008206465723076055
2023-06-09,-0.0035461099536555087
2023-06-12,0.009930149484527393
2023-06-13,-0.006345495205948452
2023-06-14,-5.931197380100656e-05
2023-06-15,0.015261816086176076
2023-06-16,-0.00612220904499315
2023-06-19,-0.0007471589827281224
2023-06-20,-0.009591442454271128
2023-06-21,-0.014046330229764198
2023-06-22,0.006308614464028874
2023-06-23,-0.014275544412436158
2023-06-26,0.008679924498749866
2023-06-27,0.0022282866431077826
2023-06-28,0.020464868987628032
2023-06-29,-0.004054607906041657
2023-06-30,0.00463269401579869
2023-07-03,-0.029905898167732797
2023-07-04,-0.013140516674925577
2023-07-05,-0.01739160470166881
2023-07-06,-0.005743429941329994
2023-07-07,-0.006294305635483323
2023-07-10,-0.009052213654056592
2023-07-11,-0.023218996336581196
2023-07-12,-0.016773567435579808
2023-07-13,0.005857733244675614
2023-07-14,-0.0032925322284940817
2023-07-17,0.012549816330540432
2023-07-18,-0.014189828370119232
2023-07-19,0.01877038159964356
2023-07-20,0.008554301552557578
2023-07-21,0.008932382020364997
2023-07-24,-0.01966510498890514
2023-07-25,0.0011508099227521646
2023-07-26,-0.0038133303374722123
2023-07-27,0.004774751639626314
2023-07-28,0.0011494186233498116
2023-07-31,-0.012047723167257019
2023-08-01,0.010278394696235458
2023-08-02,-0.014166088796082998
2023-08-03,-0.026641070537651773
2023-08-04,0.0026971964272421538
2023-08-07,-0.00047327030336250886
2023-08-08,0.022937515930122655
2023-08-09,0.005634672047675298
2023-08-10,0.0067871066247296025
2023-08-11,-0.0007351970217493868
2023-08-14,-0.0028757693471860644
2023-08-15,-0.020161494877770893
2023-08-16,0.0004947924200599418
2023-08-17,0.018091816922039438
2023-08-18,0.011382318242353208
2023-08-21,0.004664926905252632
2023-08-22,-0.01744864390423826
2023-08-23,0.0037349769082497446
2023-08-24,-0.00532688138502219
2023-08-25,-0.010195687649725338
2023-08-28,-0.011524169117337842
2023-08-29,0.0029061271472840254
2023-08-30,0.019557254185253684
2023-08-31,0.025583766404572054
2023-09-01,-0.013420171310359616
2023-09-04,0.003476076428375481
2023-09-05,-0.0026774532681377292
2023-09-06,-0.0018865261274564394
2023-09-07,-0.013706295264392205
2023-09-08,-0.00632609441664404
2023-09-11,0.00479915613440365
2023-09-12,0.010624836359275807
2023-09-13,0.002504160181791275
2023-09-14,-0.023146945418906013
2023-09-15,-0.017576938029693488
2023-09-18,0.0007425927352608945
2023-09-19,0.00022166069689712642
2023-09-20,0.01568546626353905
2023-09-21,0.01323216505883596
2023-09-22,0.008583114745111798
2023-09-25,0.003278093754085503
2023-09-26,-0.006893856790420584
2023-09-27,0.0030652300819812993
2023-09-28,0.005259907328129237
2023-09-29,0.0009382161535146448
2023-10-02,0.0048974773978359915
2023-10-03,-0.008492311093449365
2023-10-04,0.017581355433624803
2023-10-05,0.023412075696452095
2023-10-06,0.0057813782325946165
2023-10-09,0.0024982296676092754
2023-10-10,0.01569755458913131
2023-10-11,0.005342411144133188
2023-10-12,-0.026808139835939035
2023-10-13,0.0032983771521013917
2023-10-16,0.0028534891704171585
2023-10-17,0.019270983527757996
2023-10-18,0.008349948161397218
2023-10-19,-0.0009277531024434693
2023-10-20,-0.01579768221955704
2023-10-23,0.019864572592948996
2023-10-24,-0.004753961405676655
2023-10-25,-0.0014673875127548803
2023-10-26,0.01741603199778388
2023-10-27,0.006692150152430916
2023-10-30,0.014500514238733194
2023-10-31,-0.008411079649474065
2023-11-01,-0.0035764121926313594
2023-11-02,0.00823924031838842
2023-11-03,0.008461975276252441
2023-11-06,-0.0036428709243014053
2023-11-07,0.004495651459885614
2023-11-08,0.011428110297819805
2023-11-09,0.01748783458075525
2023-11-10,0.015574029913289886
2023-11-13,0.019325088155009357
2023-11-14,0.014639391849124309
2023-11-15,0.0030020582877121425
2023-11-16,0.02416483990017734
2023-11-17,-0.008192768559611157
2023-11-20,-0.008061505348572902
2023-11-21,-0.02095649964153809
2023-11-22,0.008086918579837829
2023-11-23,-0.02446816254635974
2023-11-24,0.007300505551699444
2023-11-27,0.004079699941922532
2023-11-28,-0.0036375864981662343
2023-11-29,0.014431548393316599
2023-11-30,-0.023389405176306544
2023-12-01,0.0025143033397285342
2023-12-04,0.007296084632918865
2023-12-05,-0.009403481803613604
2023-12-06,0.013354482615507465
2023-12-07,0.02215452542786842
2023-12-08,-0.0036146444747619864
2023-12-11,0.020236199770518163
2023-12-12,0.007002621310990955
2023-12-13,-0.018340555730616836
2023-12-14,0.008072813254643619
2023-12-15,-0.006331287293007453
2023-12-18,0.011168515195426845
2023-12-19,0.0027746807405128306
2023-12-20,0.007705101545074917
2023-12-21,0.009180897626396638
2023-12-22,-0.01614170785471736
2023-12-25,-0.018957802602285693
2023-12-26,0.0053761402427105285
2023-12-27,0.0030696652997380808
2023-12-28,-0.01271050237372036
2023-12-29,-0.01971721695174637
2024-01-01,0.002963891317274319
2024-01-02,-0.008859962604464203
2024-01-03,-0.001063159683007834
2024-01-04,0.008763736588464193
2024-01-05,0.007240350958893825
2024-01-08,-0.00397306561591209
2024-01-09,-0.005750288064659686
2024-01-10,-0.03918502171210809
2024-01-11,0.005986379438630777
2024-01-12,0.0055455584907442255
2024-01-15,-0.0024672909065567928
2024-01-16,0.0010253614786073515
2024-01-17,0.004595542033572827
2024-01-18,-0.00995380187165432
2024-01-19,-0.017784462257940746
2024-01-22,-0.010326014993552622
2024-01-23,-0.008422859651995419
2024-01-24,-0.00016875091306247422
2024-01-25,0.004789343925915052
2024-01-26,0.01673495352112437
2024-01-29,-0.010826114975620662
2024-01-30,0.020691814246631638
2024-01-31,-0.01335129505187276
2024-02-01,0.00411832567631327
2024-02-02,0.018885670230501146
2024-02-05,-0.0010374363334151944
2024-02-06,0.020753892768863247
2024-02-07,0.0025827808692378365
2024-02-08,0.015622284714744706
2024-02-09,-0.008224544505000408
2024-02-12,0.016378544836288363
2024-02-13,-0.011233158059923722
2024-02-14,-0.0009604472011994438
2024-02-15,-0.011505267492527766
2024-02-16,-0.013005014663473957
2024-02-19,0.01379339818954998
2024-02-20,0.012273232743395686
2024-02-21,-0.005729012477177939
2024-02-22,-0.006532104434079536
2024-02-23,0.0093852270811485
2024-02-26,-0.004275025390135353
2024-02-27,0.003007457368500066
2024-02-28,0.009318474373446592
2024-02-29,0.005643662548795657
2024-03-01,-0.008122576792118025
2024-03-04,-0.005744675418617295
2024-03-05,0.01485903182144596
2024-03-06,-0.004319794074557244
2024-03-07,-0.012161632818209795
2024-03-08,0.026712980857314345
2024-03-11,0.0019426205837732116
2024-03-12,0.006345694900889456
2024-03-13,0.010743461940858809
2024-03-14,-0.014858515776420637
2024-03-15,0.008475778502049927
2024-03-18,-0.0004984176367681235
2024-03-19,0.027477292146561683
2024-03-20,0.003758654330626709
2024-03-21,0.009057512434443922
2024-03-22,-0.012113428474717438
2024-03-25,0.011475762616566973
2024-03-26,0.014354118489797642
2024-03-27,0.01599354213116338
2024-03-28,-0.0031170518714664754
2024-03-29,-0.003075421520178829
2024-04-01,-0.014836194492976258
2024-04-02,-0.009606761097805458
2024-04-03,0.02254196144878863
2024-04-04,0.008356323198058558
2024-04-05,0.002600348411441135
2024-04-08,-0.0031971830085791818
2024-04-09,0.005487350069641742
2024-04-10,0.018205843489576594
2024-04-11,0.005749641646109346
2024-04-12,-0.011296517996815778
2024-04-15,0.0052764956334615705
2024-04-16,0.002562186222409421
2024-04-17,-0.0020297180284246825
2024-04-18,0.006592755812978682
2024-04-19,-0.025876617396926614
2024-04-22,-0.008902279778174647
2024-04-23,0.005094710215556095
2024-04-24,0.008393653818508581
2024-04-25,0.02128468399632945
2024-04-26,-0.0036623204503610867
2024-04-29,0.007214736403380209
2024-04-30,-0.0009902814252719127
2024-05-01,-0.003008694803286612
2024-05-02,-0.0032758791314971038
2024-05-03,-0.008442360840759774
2024-05-06,0.014492908514714188
2024-05-07,-0.008555897568496439
2024-05-08,0.01133412333443019
2024-05-09,0.012053067280493875
2024-05-10,0.010828313812444847
2024-05-13,-0.027452997211473117
2024-05-14,-0.010948197628331284
2024-05-15,-0.0055255271891940065
2024-05-16,-0.015294986967467346
2024-05-17,0.0025229512734278245
2024-05-20,0.006223081661266205
2024-05-21,-0.0056403338683316704
2024-05-22,0.003183424694720333
2024-05-23,0.016179419364296933
2024-05-24,0.0032776671681095616
2024-05-27,-0.022561076161061133
2024-05-28,0.0021133695385289063
2024-05-29,0.0015000908107623777
2024-05-30,-0.0052281008730014145
2024-05-31,0.009857295980427653
2024-06-03,-0.0012745335191137429
2024-06-04,0.011750125117276274
2024-06-05,-0.011484980814172511
2024-06-06,0.01509587480093872
2024-06-07,0.01549654675756898
2024-06-10,-0.009265662749816642
2024-06-11,0.008607330995659693
2024-06-12,-0.008866418393529769
2024-06-13,0.000611477476152854
2024-06-14,0.003713613809259532
2024-06-17,-0.011684862115087367
2024-06-18,0.0028215260387194426
2024-06-19,0.0005892032274664352
2024-06-20,0.009059423829379578
2024-06-21,0.005449495668221123
2024-06-24,0.003260306156875858
2024-06-25,0.006299729324616952
2024-06-26,0.013169886551502238
2024-06-27,0.0007587011592670973
2024-06-28,0.013018395835198232
2024-07-01,0.0031001014465435166
2024-07-02,0.005268783419310703
2024-07-03,-0.008182125455049226
2024-07-04,-0.0067688708162991764
2024-07-05,-0.008471588950275073
2024-07-08,0.0019631946191111063
2024-07-09,-2.7064658363867584e-05
2024-07-10,-0.01746216657310203
2024-07-11,0.010382917945879323
2024-07-12,-0.024950846541641165
2024-07-15,0.009287069522036838
2024-07-16,-0.012906177171824339
2024-07-17,0.009855969039964508
2024-07-18,0.0007565014607740954
2024-07-19,0.01056099051060535
2024-07-22,0.015402203671943861
2024-07-23,-0.03154829617437353
2024-07-24,-0.009745813963530614
2024-07-25,-0.008935798634317548
2024-07-26,0.011893272863429753
2024-07-29,0.0027773684107209665
2024-07-30,-0.018955403757346313
2024-07-31,0.005841080471398231
2024-08-01,0.005759551117326049
2024-08-02,-0.004693925257609252
2024-08-05,0.01438774963603993
2024-08-06,-0.008497546012826774
2024-08-07,0.012021458217838555
2024-08-08,-0.005897142687229812
2024-08-09,-0.014250523675233561
2024-08-12,0.01561136173800911
2024-08-13,-0.005197030944581849
2024-08-14,-0.0018912210477236222
2024-08-15,0.0014132859626119318
2024-08-16,-0.01892427574061506
2024-08-19,0.009363252531283726
2024-08-20,0.005076863126805573
2024-08-21,-0.013257978069190905
2024-08-22,0.007410975755445582
2024-08-23,-0.005932100626471426
2024-08-26,-0.0012017651267317636
2024-08-27,-0.006726154723971998
2024-08-28,0.015043592844884454
2024-08-29,-0.003619842097486109
2024-08-30,-0.009392468293059262
2024-09-02,0.016048371635432407
2024-09-03,0.005224867491824943
2024-09-04,-0.0070130481875407555
2024-09-05,0.00636684088881416
2024-09-06,-0.0035706238923247867
2024-09-09,0.008338881575130217
2024-09-10,0.011063341011114551
2024-09-11,-0.01017841049330801
2024-09-12,-0.006735397134075773
2024-09-13,0.011519451767294422
2024-09-16,0.004711753537268803
2024-09-17,0.013932451312463961
2024-09-18,-0.028034189897830592
2024-09-19,0.0031054313169194543
2024-09-20,-0.00107082643599999
2024-09-23,0.0008597234090426597
2024-09-24,-0.011542642118503449
2024-09-25,-0.021141740939838373
2024-09-26,0.008121905319963272
2024-09-27,0.001397340117949578
2024-09-30,-0.008615481819615885
2024-10-01,0.008366912674784985
2024-10-02,0.020539445186097353
2024-10-03,0.010980470808180444
2024-10-04,0.003125932309580456
2024-10-07,-0.004793109915278245
2024-10-08,-0.014228322300414136
2024-10-09,0.01370323530177596
2024-10-10,-0.0006918097601552477
2024-10-11,-0.026234624432524497
2024-10-14,0.022864038832326142
2024-10-15,0.0009563022386365138
2024-10-16,0.005806968767762262
2024-10-17,0.0010688490439219175
2024-10-18,0.0010288698482565093
2024-10-21,0.00509960657822219
2024-10-22,-0.0006437967013332267
2024-10-23,0.0010790108980440844
2024-10-24,-0.005023066649329651
2024-10-25,0.0008119473653958442
2024-10-28,0.0031501046784241597
2024-10-29,0.002546542239423774
2024-10-30,-0.00279761938750736
2024-10-31,-0.0022682761860081477
2024-11-01,-0.026364358555138693
2024-11-04,0.005922101069257133
2024-11-05,-0.0012283773111462968
2024-11-06,0.0028408772642122652
2024-11-07,0.012804135249960831
2024-11-08,0.016839306580178123
2024-11-11,0.009072968023102502
2024-11-12,-0.023251002886326266
2024-11-13,-0.008642743336023094
2024-11-14,0.016721234226414607
2024-11-15,-0.019823862627817886
2024-11-18,-0.019890244211623095
2024-11-19,0.004296929541457768
2024-11-20,-0.0057530082896600655
2024-11-21,0.0031012506448630855
2024-11-22,-0.004900891305653256
2024-11-25,0.012405364830355507
2024-11-26,-0.002898180062485769
2024-11-27,-0.007104677776909694
2024-11-28,0.014923381696247597
2024-11-29,0.016655433439182143
2024-12-02,0.0013693753946713723
2024-12-03,0.023528261380716037
2024-12-04,0.01721615952158576
2024-12-05,-0.014337098772144664
2024-12-06,-0.004248929497218784
2024-12-09,-0.0074070932507933045
2024-12-10,0.0010196570633097585
2024-12-11,0.00826999625571329
2024-12-12,0.0014993454237487084
2024-12-13,0.00894243531791879
2024-12-16,-0.009008841359383317
2024-12-17,-0.01722115536114563
2024-12-18,-0.007163414883491717
2024-12-19,0.013928337071357827
2024-12-20,0.011305433550827514
2024-12-23,0.0059336024353396286
2024-12-24,0.0041018722498744565
2024-12-25,0.01006279322735253
2024-12-26,-0.005458078343670991
2024-12-27,-0.008499347888825804
2024-12-30,-0.01469401542718779
2024-12-31,-0.0033804392818580177
