,Tech_Growth,US_LargeCap,Healthcare,Energy,Treasuries,Gold
0,-0.010286557967818591,-0.003002231263962804,0.008113713855083773,-0.006628727596802383,0.004302439781256325,0.0011115337429702236
1,-0.01217582016875185,-0.012398614769975167,-0.00397303447981194,-0.024886027952913507,0.0017938949309136388,-0.012424001734440866
2,-0.013137077065842256,-0.012075579439717246,-0.010354098347878976,0.018037249045133097,-0.0068971813917271365,-0.006138222629342544
3,0.0017340831944473373,0.004016235114181024,0.004023427928301587,0.02081648395254181,0.009321280141683966,0.018246226461927494
4,0.007232333050166538,0.0032052466146904922,0.003991862327562241,0.01025832109616982,-0.003406974956586241,-0.008909661154702514
5,0.023649489684883417,0.012291950441535736,-0.0006711983322210901,-0.006412147197010809,0.00338457036024996,-0.003843385509654776
6,-0.018247928495351506,-0.0034384431646742085,-0.008367639270551739,0.01675597243063277,-0.0037501588667104412,-0.004177682725340862
7,0.0021161321077394148,-0.0021365823865710344,-0.006144035091119754,0.008146445947321897,-0.009179001518712239,-0.007528139078660725
8,-0.014114154683955174,-0.010492390890634274,-0.005102437867568976,0.009564633326354892,-0.0007751710052005462,0.009394985485272223
9,-0.004024433511916745,-0.004608238827067887,-0.007486578638955593,-0.01921200595857531,-0.005128781797366172,-0.010868945286979348
10,0.006453420493601108,0.006168031021888473,-0.008125775318694566,0.01012897383819534,-0.008926061368923389,-0.0024598773496930563
11,0.009768973803619269,0.005082745198289043,-0.00014900722316808416,-0.00882817445181613,-0.0044694693531428225,0.0029525186351977806
12,0.009572817122293797,0.0061984013267912955,0.0018826963865847086,-0.0048313725005909155,-0.007412753612572907,-0.027963209360937304
13,-0.01840771551676941,0.0007356114677871658,-0.005830943852033464,0.015492598048215117,0.002757047225932308,0.004045892474131535
14,0.005629687937163078,0.004573960094843892,0.009100472340467599,0.012683907979605795,0.00047505603009690344,0.011495269642487408
15,0.008916583329885253,-0.0004286839863239118,-0.001531295674953043,-0.005762478317646903,0.0025449817203828913,-0.010140057600575089
16,0.002459869362246234,-0.007817117984057877,0.0005384736913776744,-0.004514883670501441,0.0010270840133560738,-0.0016966063215224014
17,-0.005889411881880857,0.009796809942968953,-0.001105971707472843,0.010700920435061366,4.4757662894175185e-05,0.002390588678065351
18,-0.004090317631942468,-0.0010765324350340162,-0.005290895348121936,0.001359922481111883,-0.014648958541377563,-0.012559985006323814
19,0.0066411980455662245,0.006400245569234184,-0.006758484264165096,-0.0003614040128615968,-0.0028041117037540114,0.002815554918481123
20,-0.01203621929511323,-0.007373576816300861,-0.01090472829230217,-0.007736367150767601,-0.0022408062405772818,0.017746018513773047
21,0.011577415884094479,0.00019605227946043694,0.004979233697505292,0.01875824141810475,-0.0018187875390463218,0.006754070151806889
22,0.012225681280537665,0.00957666644262253,0.015291925303730426,0.013454570890584343,-0.0027007408931519084,-0.009235585988630536
23,-0.0192361307696483,-0.014756868096854196,0.004643286270640977,-0.00013876769273641617,0.001101546054227119,0.0014229473852814243
24,0.006660031664479493,0.0006789056067711568,-0.011011474054810497,-0.006363052321719288,-0.005224030740137995,-0.010052000075761156
25,-0.0006079968101073768,0.0005015169908948295,-0.0014420663441370688,-0.0036489785855979466,0.000903053851090841,-0.008375181404806082
26,-0.017715630509630816,-0.017308847092491683,-0.0058176997651483665,-0.024754507372094465,-0.004916815461821412,-0.016786790509804434
27,-0.021655819037735585,-0.006876960869154975,-0.003876578695435653,-0.012309257347477441,-0.001287543123337704,0.00895319876423435
28,0.00029427631260890046,-0.0009716650077350086,-0.006495492487769017,0.012179181698824086,-0.004560130268870462,-0.0014844956362996373
29,-0.0017487682613923305,0.0023215901293988017,0.010503062054337913,-0.01162069891803109,-0.008761537923287002,-0.0030733209118029015
30,-0.014322895248934906,-0.007406274543780363,-0.0040001795154569995,0.0017605787877478303,-0.004990275534796386,-0.007240075190370026
31,-4.211241171167622e-05,-0.007632374890522189,-0.012047172496482657,-0.0029610892427630233,-0.006145613256751392,-0.003649268510004264
32,-0.0108351719057868,-0.007914886584375004,0.0010123102765220333,0.00772847498323636,0.00035470294233490307,0.004660108477297411
33,-0.012398337030023156,0.002623328528793596,4.337873029740887e-05,0.006754525027168717,-0.001220509524230296,0.007179668965015716
34,0.005029048512840918,0.014105969897137931,0.01056928462719366,0.02224937009895417,-0.012547204774497575,0.015169504175115315
35,0.0008760684420140665,-0.0013038430418074224,0.00658987806910521,-0.019278711711369762,0.0011690117478800651,0.0017713580760142147
36,0.004253350957982485,0.015625207492121256,-0.0017953144439229805,0.013579860589046875,0.005715208001829881,-0.0026350881620444883
37,-0.0221710328285312,-0.008510360824327583,-0.0021405497798428,0.006335193054764767,0.0040210437610699,-0.0032813133820386643
38,0.013032173404025776,0.008673215946778232,0.004836759803767308,0.006572755901921809,-0.0007399661069280676,-0.007082626785619825
39,-0.0187535436408348,-0.018687386299192213,-0.012354810411744546,-0.027640361205373148,-0.0077054891143816095,-0.023735546094103284
40,0.007946801687863235,0.0030742282072958376,0.012922321804540688,0.011223820075719175,0.0019332970365275785,0.0046772528549911836
41,0.001659018986905865,-0.0014383121518486935,0.011047361747782453,0.007428623748476297,0.0018864734087454375,0.01806253602499212
42,-0.01575348165481648,-0.010703897628160512,-0.018361914916982823,-0.03210635933491226,0.00017049953311654002,-0.021298007530235637
43,0.007086073215858445,-0.015475986959715566,0.0028688318441138934,-0.006765822263335227,-0.0008215714794730475,-0.012629556389382224
44,-0.0002803950108559779,-0.004435952688476529,-0.004235637617574367,0.009940552308216895,0.00417712209837059,0.02126925101696389
45,-0.024544004008186356,-0.019698388614996808,-0.005555361618340384,-0.009598101757064553,0.0036842666597128064,0.010763993245224045
46,-0.0052243414987987995,-0.0027114561392172004,-0.004027305289562419,0.002142221763612216,-0.0017425739552449956,0.0038795236921768945
47,-0.019595235995509094,-0.019509691776141536,-0.01648201787131733,-0.016042021551062817,0.006114112518234442,0.02153094197971556
48,-0.004949611428560103,-0.0065693948959465644,-0.004390780284300611,0.0023090248130997453,-0.0036861626532327585,0.0018549544514073991
49,-0.010899167749870778,-0.00029019250864416465,-0.00042145870245066875,-0.0018843103042172325,0.002047530021149723,0.009027343359520136
50,0.0038463401569839815,0.0069746412473317455,0.009175020417081306,0.013783812326106646,0.0017283673260477346,0.009459116444198223
51,-0.017363096901233655,-0.012880766093370329,-0.006891007480075003,-0.013486602127915444,-0.0006394745006219691,0.004646243644276628
52,-0.0034000125121680476,-0.001407241905238106,-0.0005903036173624478,-0.020814148751395613,0.006727293939756022,0.005084115624036624
53,-0.005421277924219209,-0.00450879849998535,0.004336020613764732,-0.003839261214492312,-0.006736202222398525,0.0017056792718774983
54,-0.0007895738227076429,0.00991294521151933,0.009763025123049947,0.019667392109139814,0.0016725493134232279,0.01585083600338193
55,-0.005157457113778009,0.00121801853231489,-0.007131794493837644,0.0073447193150012816,0.0013218623231943418,0.005313360568366353
56,0.010549249404983481,0.0025505177129380077,0.0036493831896545767,0.013221930669816572,-0.0008863972535027981,0.008333655940596272
57,-0.003754838000528278,-0.009392960879197509,0.0004572505424839148,0.0042612739028366,0.0032403496744085186,-0.004746192753736645
58,0.0010348392356439857,0.011768693146110629,0.011417834604487616,0.010207793270343563,0.002214469017222126,0.002518343292430714
59,-0.0058021228311744295,-0.00147898689569327,-0.004272977117076415,0.009274411318634195,0.003250955341843169,0.003294489593166515
60,0.003929620171281458,0.0035727184890447074,0.00127955483707832,-0.01886969847476319,0.0020542508263632917,-0.008671139226513715
61,0.0004947756415025822,-0.0022178850042806264,-0.004945603609511267,-0.00308366450422181,-0.0013970574837615577,0.002451834310559765
62,-0.007143364775731988,-0.006413093105725134,-0.006393237782839455,-0.032818604475790526,0.008176909254572545,0.011691006164211488
63,-0.02431148964189615,-0.030712074170381902,-0.014910470552884404,-0.017878296201493366,0.00026591322049627467,-0.009629872126128829
64,0.0029130512541640516,0.013937834871245287,0.014463667416179504,0.007819072255599257,0.003922580594871188,0.00033233513755890384
65,0.00649725278689676,0.01680947466705801,0.011205018046256057,0.0111387616314843,-0.0021040665096599583,-0.013446887808334198
66,0.0285170982700229,0.013733325049275488,0.022341234220300283,0.013313337483901889,-0.0005172932545132304,-0.003839618036771801
67,0.0006134703870034222,-0.0031752115578062377,0.004954733202677613,0.0018180821117494644,-0.001141927081963556,-0.005066005737104957
68,0.008744026346580381,-0.006665141294474094,-0.0005446101148340529,-0.006984089914176339,-0.0033708112142509065,0.007301801430246293
69,-0.010675989247481608,0.0009238951732902373,-0.0008312538097619215,-0.0027199901796067533,0.0063086791135790465,0.014245999774591164
70,-0.014136173938987015,-0.007818116163802721,-0.003026020316725615,-0.04166561019793635,-0.0028232452184402904,-0.014067108876746524
71,0.02503503590108803,0.0025583888224660857,0.0010644060672313927,0.00675653285201538,0.008233342338401825,0.009993884789720162
72,0.006884811530308256,0.011453626689462513,0.0037707254060387356,-0.006090611538546472,0.010571917708445731,0.008899878570342648
73,0.022706241708525626,0.00619996853721457,0.014321552033988367,0.02352041284059383,-0.001247666471623947,0.00809955449038941
74,0.02447721648727025,0.009694350396972943,0.004984239401710572,0.01215857813844779,0.002859566558663205,0.005132651557950961
75,0.007809495468269802,0.0017141732109517127,0.003943457538126474,-0.0032010012646383965,-0.000627468513764051,-0.012772717928148557
76,-0.005180244498514234,0.005079781427670159,-0.013314657820635978,0.010801062518793104,-0.001187529969877415,0.0024341980058906615
77,0.009416300348191645,0.009626100842592503,0.0021630391086938346,0.007422911407331022,-0.003456854617576192,0.002021860257734069
78,0.011541764180904229,-0.00576910431875254,-0.00848432026180358,0.013244540655151257,-0.008008608039043737,0.007586729821895532
79,-0.02585355109712238,-0.0004175950079836695,-0.011557270713376788,-0.023191509470781878,0.0018098342148336899,0.0020451140759025054
80,-0.004075769861519483,-0.004693567280616852,-0.0027328191174537837,0.015506336459997792,-0.000426109825551881,-0.011012987662821253
81,-0.003381567233550653,0.0050226257959880335,0.011423078524420297,0.012289641876917237,0.00046431221374923525,0.019304771304354255
82,-0.006392693547485546,-0.006059763567424604,0.006932674909215364,0.0030153040187757625,0.0058333757068484565,0.01372616846590852
83,-0.003876969096685211,0.0013130445710395106,0.018508693287812416,0.02102769571851408,0.0007021094555655848,0.011661771928952297
84,0.007268813510555289,0.0033231344153168427,-0.003935914861368181,0.0151417655969235,0.00014233903285191282,-0.0001508878677457115
85,0.000754965249039665,-0.005472309819520824,-0.005670102142585295,-0.002056823280193633,-0.0037700248986801254,0.00035230261638323577
86,-0.012151819319127049,-0.012307611676625248,0.0036066333269312786,0.0021417436600305274,-0.0012833009534155718,0.0019376646101699462
87,0.0205478122573088,-0.0017769969271203832,-0.00394359943030903,0.00767931107110598,-0.005155008309357646,-0.0024842791251801022
88,-0.0028733938893002993,-0.007255614656149406,-0.011309885865394215,0.003656201890427202,0.006207510635606379,0.009607362456152046
89,0.008011112572079065,0.009597882487180107,-0.002469431959814674,0.010738838652347997,-0.00099109177292768,-0.004684036546549121
90,-0.01733749350844653,-0.0184478273410385,0.007579490858712819,-0.0010177417120112101,0.005169998947111017,0.001879900988059137
91,-0.005367727183864657,-0.005548306740181585,-0.006039513526867382,-0.006375050533833028,0.0023690741054475635,0.0032679247142498513
92,-0.00816239439122425,-0.011622389316966507,-0.006274963743229598,-0.017331015222790437,0.0035536336388395312,-0.001083752920409146
93,-0.014797703614748827,0.002474181960424493,0.008218108916777175,-0.0026627538830424646,0.004266389552983722,-0.0015200480031595078
94,-0.009653919757926139,-0.020708434794170186,-0.01438492923513139,-0.005121462165408528,-0.005539264639962971,-0.01666964836165721
95,0.013177491442511138,0.007379603077843534,0.0008772736538553655,-0.013580449247293486,0.009134950141605522,-0.0051385935548970505
96,-0.0005581208781508514,0.0032965584182600123,0.0028623746304144654,-0.005093520600647809,-0.0024562623059750915,-0.017629291108988577
97,0.010679977088399194,-0.0005673036540058294,0.004098227501196311,-0.026239235670162328,0.003869438490516253,-0.009635032316463059
98,-0.014298851232293682,-0.007551634932826797,-0.009381201177835924,-0.004081433243181155,0.00031963296936870426,0.002811844674230912
99,-0.011020514357735506,-0.01302023801736884,-0.011716055954353254,-0.008148116841520902,-0.0015749672352501065,-0.0007838685302465703
100,-0.020329783789358822,-0.004109760800366342,0.0041257233949988405,-0.005812908567010604,-0.0017216215955142258,0.007769414622555578
101,-0.00604206517948471,0.008337089270640925,0.005005204789641567,0.025058153781906383,-0.005073984466802392,-0.01029359540382613
102,-0.011368730314902271,-0.003816243746209159,0.0032575501826622314,-0.001116100304618134,0.006377971981030439,0.023449520732326617
103,-0.008272324832883551,0.00597238945418358,-0.00419918390597906,-0.007529373234757839,-0.005486608441931731,-0.007340435802661742
104,-0.021176841081770405,-0.01430572195761973,-0.012307134849798397,-0.014324368762447503,-0.0052264872526783124,-0.008900771047875036
105,0.03447348611358869,0.013745067761308847,0.011344303494847023,0.01220498647217835,0.002600457274870927,-0.0027175219596248215
106,-0.004150204172355486,-0.009217949181772872,-0.013396571856673669,-0.008132122822413998,-0.009986847906120653,-0.008164320278978687
107,-0.002405922246718373,-0.013281434589347949,0.001693637362181752,0.018450352756208384,-0.0020947202336685745,0.004425286500504305
108,0.005858611263164162,0.004684464250258638,0.014244982911277859,-0.006545434503121672,0.010237592551414229,0.009610834931076903
109,-0.027784657028665574,-0.02073337148891405,-0.014166962515973458,-0.033965604549987774,0.003577146783952474,-0.007375639333659443
110,0.005832158133949079,0.00014673437280631667,0.0005621816311071159,0.01296855087476631,-0.0014969812709446776,0.004660260556981981
111,0.009584034912770698,0.012548031944704698,0.0015445034671783754,-0.0010433056962539872,-0.0006714189746436798,-0.029844753208729917
112,0.005070260955796471,-0.002946390781830707,-0.00369211651274084,0.011498306892455077,-0.012030109500003069,-0.005211224839717406
113,0.003986807679256579,-0.0076090557921179415,-0.00568371754966163,-0.024063316590543164,0.0007507337974306755,0.0015910224236796687
114,0.019384274624177526,0.015555858829576365,0.004563330708532291,0.01069898935568762,-0.003453200775827817,0.0007130979391523251
115,0.010272306961524483,0.009913576308814153,0.004405610464543605,-0.001638968688232563,-0.002335407527549461,-0.012897005300376876
116,-0.011129867508287275,-0.007755837894216566,-0.0014536106752316817,0.003619640671777135,-0.00026559193871138393,0.012566572181720347
117,-0.0027885686578644,-0.0014690799275646324,0.004096911630511777,0.025070663086150573,-0.012155819176612138,-0.004497914837179719
118,0.03742409688434432,0.02079318622997375,0.01647152771662248,0.013462385210840729,-0.003484141292656751,0.002579232754617016
119,0.009344512417395881,0.0025177856590177525,0.004703107794191328,-0.008183999723082019,0.0003494785794334736,-0.0030160796361576375
120,-0.018220025684216913,-0.0053537850170669995,-0.00430025915427023,0.0139325418088772,-0.0025583755622866156,-0.007071945518961277
121,0.005538717333883089,0.0005735849913920229,-0.00557605315254573,-0.0006461491671861188,0.0015194409346482335,-0.004906723726271283
122,-0.018709530714335613,-0.005492821372531122,-0.00032529016013554485,0.005456763411873357,0.0012483539186136001,0.013459441789709635
123,-0.005556611094547776,-0.01572856510032481,-0.017337346072138413,-0.024313980101968134,-0.005431538029328716,-0.020272209843869245
124,-0.0064660483892201685,-0.010125779576878586,-0.0072239681872274634,0.0003333386189611031,0.005764430926031987,0.002540429381446646
125,-0.0021936007330502585,0.002999055713306168,0.009098362196488184,0.02516371272158489,-0.01318030313412496,0.0007425207778524928
126,-0.005009807218316219,-0.0047573111530252,0.0011532350349397196,-0.005080893228835948,-0.0026268700640817043,-0.009986528496972949
127,-0.0268651352772955,-0.022157038172528794,-0.014422738783030149,-0.03646770997934385,0.00013101028906118404,0.005818742773807388
128,0.0215182036126942,0.013189976729782844,0.005175527625514348,-0.008921574063724782,-0.0018786364222154342,0.003682718312114127
129,-0.01734324840843195,-0.009740794515148693,-0.009172510171516483,0.006783889340285983,-0.003642050567944137,-0.0006368700954841748
130,-0.014485881509588613,-0.0010635214776279084,0.00035824435837059315,0.006979027723086222,-0.001344990046562795,0.007552815501454102
131,-0.0006783660673318128,-0.005905335525368988,-0.013796668023257528,-0.014265047125697585,-0.0005539853229893392,-0.0007296458159983412
132,-0.015604451751524282,-0.003944924618255164,-2.870866672639638e-05,0.009721613471466677,-0.004831979661707804,-0.005981748050727883
133,0.0023756383169533093,-6.081193047371633e-05,-0.0007775244534749513,-0.002427428851845755,0.004754529302898482,0.008016268388074817
134,0.0031397033807471727,0.00768784648236984,-0.0028994985820615755,0.007937059129779643,0.004140014644970474,0.00439976785242996
135,-0.0019962426029300285,0.005154057672641608,0.002599137304298635,0.002839979376865322,0.010802272867855432,0.011826408515022048
136,0.0010370637331126764,0.0004893217053786954,0.008630553646950619,-0.011234608115404505,-0.004234032889480856,-0.0035153980123908157
137,-0.03473209555424338,-0.011795297606683436,-0.008947483319828607,-0.026430478509982265,0.0046572600690125004,-0.011973362201908332
138,0.007946942523995856,-0.0026914631668056603,-0.004855843368457605,0.01303420418072502,-0.002995796699417139,-0.007471434711814399
139,0.004709451989645574,0.004282459689868514,-0.002936166891683342,-0.00551942945646714,0.006073965571398445,0.013720473493014319
140,0.004313235011873238,0.004048103234611098,0.0013535765403734493,-0.0018466991599325087,-0.005236578215819812,-0.011077781163582809
141,0.01841987271029964,0.001098602183112543,0.0002775175612566729,-0.021002404767263658,-0.0007735154384342828,-0.013939534013545864
142,0.019698762840701496,0.005263757829861053,0.008299532736329374,-0.004456599255903965,0.0015564226381998983,0.010808740350670315
143,0.013172318497253564,0.012036548285612493,-0.005931810544275741,0.00022194640876743585,-0.0061045439616678535,0.006555762371751216
144,0.0016623405600593392,0.008700975231927357,0.004983519794711521,0.009310216077798139,-0.006068867604972715,0.007421381261946079
145,-0.001818477594605353,-0.0009106194153587824,-0.007233745701510151,0.012081429468662318,-0.011195376308510122,-0.0038780407977311933
146,0.00040150907021642543,0.017720134630790793,0.005384850617296167,0.0041502476235234596,0.0033702443485020715,-0.001850224722294088
147,0.0071498258681077865,0.012619288797858886,0.016305536923720672,-0.0038719824128944542,0.004177616926683793,-0.000596359414992577
148,-0.0014738885702560134,0.004220290144697591,0.0027223098532646174,-0.019981457027447583,4.285673230389761e-06,0.0016903315088483057
149,-0.012055823127054617,-0.004626044527451692,-0.008068046182965105,-0.02285064304467324,0.004606475869868857,-0.008447495608492535
150,-0.010835436235764221,-0.0011334465175040867,0.00462595642012966,-0.0015689465217054376,0.001281649562145341,-0.0016835901286971957
151,0.014802085251695667,0.016167166737214533,0.024140887652835376,0.010256619323118962,0.000777104144661961,0.002604042109168943
152,0.007552461953281249,0.005710728224975559,0.002547757454235636,-0.01599914977221947,-0.0003889608337375824,-0.007016596633499066
153,0.010591310686389,0.0038354613890175197,-0.0006113635328610922,0.0022890542648469382,0.0052817436598043815,0.010627774072378611
154,-0.027712360889580942,-0.006947523595769165,-0.011630552778421522,-0.002226051557468463,0.0011787664944308124,-0.002957296895220265
155,0.02714759640598879,0.008809972011896613,-0.009975385910323965,-0.0034512057437591985,-0.004654858333703663,-0.012431873993051314
156,0.02078905635764093,0.0053478617342145865,0.007574074877655483,0.007721517833693949,-0.0043505685054862735,0.004631544733771163
157,-0.0009079562018911803,-0.013373189265078664,-0.002361804211414905,-0.010853452693207092,0.008113562581430813,0.014530979818756385
158,0.003164308258153785,-0.0027546760676472135,0.005517719655526702,-0.00046387015817784286,-0.006394946308282266,-0.0015621984734546287
159,0.007282553350922461,0.007532944447792998,0.005673248664546113,-0.009201350332516936,-5.8653315076017884e-05,-0.0010147001944324843
160,0.0005713921641530359,-0.00020076413506327012,0.0048852822724143215,-0.020303607493800932,-0.0035746425370739464,-0.004427579978988934
161,0.02618749233725208,0.009519462744661908,-0.0010458891662238547,-0.004801366616286213,0.000744061519124583,-0.0023716783629567453
162,-0.005773062403857434,-0.014091899630343786,-0.017628733649841532,-0.0021689897791923535,0.007144678457121143,-0.0026069488915539253
163,0.024205390008195327,0.012795730898753545,0.016876445852449386,0.013466477184716306,0.000747351113613486,0.007375775690371221
164,-0.010177721577328085,-0.0021760836004053,0.0071549891767188735,0.005923471003269724,0.00558923110765754,0.014528169822110835
165,-0.0128924263996435,-0.012291910392868298,-0.00774880290530527,0.01590756279148552,7.259547682502581e-05,0.0057108809214817275
166,-0.019214938591094726,-0.006217858234555085,-0.008635588859503125,-0.028342161665027357,-0.0021518425706601703,-0.011607807301704447
167,-0.007684672710678052,0.0028404534022087886,0.001151695875931994,0.00213150469163736,0.0011151659550068772,0.00796651972619985
168,-0.018503867307253747,-0.0010555102052170336,-0.006432703502685715,-0.013362304997509778,0.00948549318656331,0.008631079764397927
169,-0.015440982902120138,-0.015874018257553402,-0.012362161635911778,-0.02226623339743404,-0.0020937700273257615,-0.00922526408626462
170,-0.01930363611186038,0.004900591788672043,0.005420743847758275,-0.003203963275217395,0.001199626257649463,-0.0029838276412826937
171,0.005599060424196772,-0.002589938766689088,-0.004115260887270578,-0.0014500126439707516,0.0075014209898167225,0.00463039467625613
172,-0.0016133349655602087,-0.004705654301230236,0.009300782336485064,-0.007449511740849561,0.004104071024758927,-0.012032970619428988
173,0.005880301645136879,0.005546537284648508,0.0006673517802613249,-0.016167498249411928,0.006324775772187039,0.010337135409937085
174,0.011339883848266563,0.008985415736945019,-0.006751153223083673,-0.007743598216491445,-0.0028436376458926115,0.0077838391752672684
175,0.010917946093617667,0.004811547826194003,0.00815898507493247,0.0047719052643340545,0.003247424438078895,0.0032115160154779668
176,0.010822667990776306,0.005702954898652417,-0.0003965293509521096,-0.009038216413488944,0.012063539048549938,-0.001980765090674269
177,-0.019877989930619868,-0.02089443518769021,-0.013996531567319486,0.0007618851422556091,-0.004842439541050422,0.003554983917708224
178,0.00727566406680915,0.005984893677820268,0.005676730678299737,0.0045191329893604386,0.004248465259404712,-0.0024477619534350706
179,-0.015700034166546587,-0.0036088506072582778,-0.015037262249527306,-0.005747497643000848,-0.006228455532547122,-0.011256566681451155
180,-0.005608585243301005,0.007192393449016061,0.012176420668028178,0.008015371528289995,-0.0015386112816717875,-0.0036704911801313856
181,-0.008353527356751354,-0.00835108552453794,-0.006435481184889604,-0.014286493346564573,0.00035687487618683183,-0.005292909915132935
182,-0.0060181687233127985,-0.006051869772078002,-0.0030688286453140544,-0.010407017182558187,0.010460773089510546,0.0016095452001745176
183,-0.0007942014537647851,-0.0016604881349411734,-0.022368576150458876,-0.017906761706940996,0.004688319571905476,0.010189022423223166
184,-0.015720830185580324,-0.01528393167476001,-0.01057692266189156,-0.007894124733077375,-0.004038420478864568,0.009826979645014233
185,0.0024904928673185373,0.0043010369742025765,0.0066925785117382935,-0.0015390056181944646,0.0018348044887085203,0.0064165363204021
186,-0.0322103363251236,-0.013722622554443353,-0.008090628571024097,-0.03271258067870073,0.0003433126118128707,-0.0054421880589682215
187,-0.011172167999214336,-0.008588888952859095,-0.009022748069907542,-0.0025972101215023056,0.008809661741677072,0.016829017188682134
188,-0.000307101547253181,0.009562487511371835,0.001644321492510863,-0.0035293856801811747,0.0005949195342073068,0.0017306368583171272
189,0.013365778026052311,0.006424534218261371,-0.0013914966846061986,-0.008046323477168006,0.0009309871068423246,0.010380678595729314
190,0.013964493436226962,0.006267715355291369,0.005561498443082343,-0.006433236284063917,-0.0010263193846831713,-0.005164762283185432
191,0.007649199202875993,-4.9590909260771024e-05,0.0035183747537043796,0.0242891320916131,0.011244785066538143,0.020155386276133086
192,-0.0049100623749228954,0.001872674657524977,0.01311070482983307,0.014218264375033806,-0.0026892930626602135,0.02033645032204191
193,-0.01754664448737925,-0.012395522203563911,0.003543194075103661,-0.001617213316984635,-0.0008987764585726349,-0.028022477716480327
194,0.004331450634236036,0.00222614287720259,0.005646536855941549,-0.03762842973707714,0.002965222458258034,-0.0002679583174867473
195,-0.00420688546252596,-0.008636881903309761,-0.0019558058726207844,-0.011521280331575803,0.001809108307826672,-0.0024061719338695003
196,0.02133903452922804,0.014330961984287589,0.0007778440291378977,0.025398672108514684,-0.010296905413082714,0.0014496857444844424
197,-0.022722864352469015,-0.0147800058774514,-0.003103740606615578,0.004460692728454353,-0.001144090562054499,-0.007053720292895745
198,-0.007500758415698244,-0.011236818709882718,-0.010852151701454328,0.001176393128914225,-0.0008135628781231337,0.005831535215789387
199,0.018927714640274276,0.017614906284819987,0.01321146826314742,0.01684627571800633,-0.006156198984580275,0.003669412168262393
200,-0.005769781656354079,-0.0007768283644225939,0.0021361888111767874,0.0018554706288435657,0.0009284087201044426,0.0013264115709769823
201,-1.174408046317535e-05,0.001480203046468059,0.011679524409156658,0.01977794888709414,-0.002545853855048759,-0.011036929299669011
202,0.012142209077551432,0.008116295823880553,0.014070365057795336,0.003425299873388891,-0.002547031534158986,-0.005407776890138584
203,0.02345393918151599,0.01670101472098667,0.007213451018302971,-0.0035886088573154912,-0.006083377588544919,-0.014360948995434351
204,-0.0002441438818793361,0.006385338706310731,-0.0007213217735521995,0.0019937566640163404,-0.00723342561826556,0.004591417724039544
205,-0.011032744861125082,0.002343073060199502,0.017415438933244706,0.018412242732791472,-0.005496797462656832,0.00263195988136259
206,-0.026652105809718357,-0.014765117089250443,0.0014837848198845953,-0.018498841006907518,0.005255232649503145,-0.0016595324910883818
207,0.003753166097219903,0.0007148868776430486,-0.0075867564785842305,0.018725923395279696,-0.00026424659114147116,0.0018291072629821473
208,-0.013094875382867858,-0.012894157365709761,0.0054759983509313605,0.010043875490557398,-0.00022852637123544533,0.00617088469286491
209,-0.02196754102906154,-0.015610172082348968,-0.0010252757696838672,-0.009922515604944315,0.0072916844727846,0.013256538072144334
210,-0.0016542554596533175,-0.0051531272539243195,-0.007390325893589893,-0.008141542082042801,0.007206722666519005,0.0028398475440462112
211,-0.010901599379339419,0.005434032170459106,0.002524341266686777,0.010137518106414192,-0.003188395919777021,-0.0037370073865947025
212,0.006308931258825322,0.019296810982726988,0.005099990497847483,0.012538822296327292,0.003060832479066652,0.014627633499283726
213,-0.004811306992449654,0.0011124327653880123,-0.002929615202314189,-0.0008659376948511571,-0.002194552117090718,0.0033478067245794785
214,0.00032615168221723247,-0.0014020044610806594,0.0017011655864385285,0.02844501855516147,0.0007142556688904975,-0.011139495030786487
215,0.01193232439969039,0.005522348270880864,0.008072203904742331,-0.02516569269664699,0.000860091971193169,-0.011426141501370186
216,-0.012106903665126328,-0.010198806738035473,-0.0011124647243557788,-0.010226053304408884,-0.0016418176715975537,0.0011748744057834886
217,-6.529711248772743e-05,-0.0012001895620619835,-0.004203494648743941,0.0075835983519804305,0.001526247176607478,0.00943729588947408
218,-0.013059686012700963,-0.00031036115907061984,-0.0024399087095586286,-0.018900945923469463,0.0003449673659264333,-0.005546596410359179
219,-0.007284698303842351,-0.00645065877807279,-0.005692384747577626,0.014408581696769916,-0.002942674551397524,-0.003371801230129714
220,0.0030618451549958947,0.0016889256181845636,0.00295666019047125,-0.0034066086821995696,0.007150761375568384,-0.005623698220861599
221,0.004979607639127494,0.0157662143155337,0.0031724900199240538,0.015557222951903862,-0.008027116299942101,-0.005743724395876723
222,0.016250031910055078,0.0032655291989255276,0.0041381966032802775,-0.008787100675772772,0.0006957362997804814,-0.002941760248015724
223,0.0050363749049175755,0.0065891273287311605,0.0028296907325340865,0.0027696615237401663,-0.003731964813647963,0.0034901204679149297
224,-0.022016665639867213,-0.01664630306149458,-0.006215379227677119,0.007783396251039943,-0.006555157341108135,-0.019932450567729697
225,-1.8106440210897837e-05,0.0033294850204854407,0.008914795976039365,0.03086964052498806,0.010280243286883657,0.009595074958271183
226,0.008606769236204799,0.006472329432813846,0.0018472191949563859,0.008044280812221947,-0.007406726262614337,-0.011015683463785148
227,-0.00678075808634737,-0.0037666653837404333,-0.0006000474545688329,0.004187703322031739,0.007681975869924971,0.012036811434346619
228,-0.0036552199794627352,-0.002129540845297059,0.012507515690844842,0.015495653808205528,0.005045050560033157,-0.0022419153692661412
229,-0.02056057292413294,-0.013253041257600764,-0.0019288399255564335,-0.01624199168440495,-0.006760250059149433,-0.008594335286932901
230,-0.009586057621305925,-0.00403993201125473,-0.0039358319704776564,-0.010821659041684268,0.0072368760181151575,0.018815086706767518
231,-0.0003409997183612314,-0.005772984554087477,-0.008937726077166969,-0.029336754917915816,0.003660284922253722,-0.007964790043568898
232,-0.018884361496347923,-0.022288898149284392,-0.007946864634118157,-0.02486063284052853,0.0038593567199177474,-0.010635438270080675
233,-0.021672585361404772,-0.005756693825117483,-0.009101823168611379,-0.008331527144355354,-0.003530827512593395,-0.009330192748039139
234,-0.020487783699244713,-0.009679738252604413,-0.0009405970747648695,-0.002498871482506834,-0.0019297230142631594,-0.014627036115265482
235,-0.01635470041458883,-0.008652145811106671,0.009465893106300432,-0.023254906552090362,0.0003792220192604522,-0.005204008954176579
236,-0.0007575289360206069,0.004311052157203756,0.006623967810951768,-0.007626120254348256,0.001999731972887946,0.011622401677626234
237,0.0018920064964548914,0.006655524360541268,-0.017728184441431753,0.014616113878430176,0.0005808398400345557,-0.0012178020006861764
238,-0.0026702629688897936,0.006238327140232249,0.004578172086668612,0.004522874701425509,0.003938002502585955,0.002092606854095557
239,-0.0017355909360144204,0.0072902111970158095,0.009861214858435441,7.658841528067117e-05,-0.002468204713908997,-0.004517731840143305
240,0.005773185042793329,-0.0023508927263473315,-0.00889796419532613,-0.01806876012800223,0.0031587140848099785,-0.0024746290089186136
241,0.009754571286568283,0.008753900192551041,0.0076456553091462055,-0.0019145149547417412,-0.002253361785158799,0.011568828959837858
242,0.021590433701633355,0.006482850446718202,-0.005661604717752802,-0.025990870586717885,1.9355505453307878e-05,-0.0010106292428522438
243,-0.004134429056627162,-0.011705410879375974,-0.012627568642492688,-0.020899232662279804,0.0032676680799445124,-0.005531204081096746
244,0.012131158160441486,0.0029751763651297584,0.013627864938556106,-0.0008548599115586705,0.0029180002558416695,0.01273326395283742
245,-0.01629390656060822,-0.014574400029823586,-0.0059560156825445125,-0.009874624248913983,-0.0016097668148097636,-0.0015120526240636968
246,0.0053801993917412996,0.004856710710773581,-0.004348458605536746,0.0008340404504748029,-0.0014910453933759398,-0.007423136164530615
247,-0.021548429607231856,-0.02075610211090584,-0.0018708613391350214,-0.017885283432019183,0.008735597139435414,-0.005661852160602765
248,0.019451003657944027,0.018330591576031837,0.025967350046058584,0.0115522957967966,-0.0033240844829522517,-0.009114767196006282
249,-0.007232111706197335,-0.0007156057053412763,0.006350053548995029,-0.04291373028538287,0.007339137193713725,0.0036082334118862844
250,-0.01175371072510864,-0.008732061146002128,-0.006914528189535512,-0.002724935344794543,-0.00010903022215029315,-0.007139854353844884
251,-0.002924884110645003,-0.005656090923408602,0.009450992110250455,-0.016194773338282783,0.0017636419467957538,-0.0077196051677291605
252,-0.007472623951738232,0.007926704007155705,-0.0032362401086676283,0.02414155297024646,-0.001963223572218127,0.009353742587856085
253,0.024804441521096128,0.01408071340155181,0.01629331496312443,-0.003941982935372542,0.006305822224357088,0.004109833354334531
254,0.009349531591370742,0.006645967592695684,0.018759878321308647,-0.007914087806960811,0.01024783287802,0.008056561540431889
255,-0.012074356891489082,-0.008337827183963531,-0.0038366810309023794,0.013407924141038443,0.007057088630064779,0.006949216027381999
256,-0.000600295370398216,-0.009117307371505613,-0.02235756136541341,0.0005384747273929323,-0.010745238533515085,-0.0008986706768392109
257,-0.021389329067297763,-0.018589980870281318,-0.006412718106109576,-0.015708504707185347,-0.001373853589132331,-0.008451152205279066
258,0.003559813037960931,-0.007035980691492823,-0.0012926086991349249,-0.018401460683204314,0.002748373901289563,-0.007740322873817402
259,0.006325770429282529,0.008623210178623468,-0.003047706189383698,-0.0026585490090606703,0.004301237675977061,0.008346499742315114
260,-0.008897572709811792,0.0025552645758024836,-0.0034431246674417283,0.01298534011862294,-0.005956664973368716,-0.018380640809627504
261,0.004456949227135921,0.003273643682607883,-0.007817589077368563,-0.0001285572604556744,-0.0004344073273453992,-0.014522372549671038
262,-0.010395382396621262,-0.012188528756700885,0.0004162532274317976,0.006691165331498762,-0.0027565167417770656,0.009087331979408631
263,0.0007430779684582804,0.0019423886422275025,0.011827583623773043,0.01660286812531857,-4.6257746766043575e-05,0.004447183975779218
264,0.003475209633274769,-0.005262450398720141,-0.0005952555179879111,-0.010877846203260037,0.00012579645498964135,-0.0012925098190061362
265,-0.007677171188865388,-0.007387471707103744,0.010669493452247653,0.03912745968303494,0.0037179300238223177,0.013739815700796238
266,0.011015850786801153,-0.00047022500340474383,-0.002050255192422896,-0.025211050675817262,-0.0048354288031541345,-0.005537574490120998
267,0.004065898571818341,0.003514612471213184,-0.004120754790265909,0.015881532619744256,-0.0081311168134069,0.004877183593184014
268,-0.0011954088781613928,-0.001554795689637653,-0.013444962593425144,-0.0012323234447522526,-0.0003881099400000758,0.0009954463169682061
269,0.028921433690259058,0.008431709839923475,0.005638512576967619,-0.024462267674052317,-0.004341431021555867,-0.00524199926455577
270,-0.012418637227054444,0.0030080380390138453,-0.008138305928158224,0.006617718273130676,0.0005320266357002276,0.015098712937861337
271,0.011923314770341583,0.010822724980416691,0.009333611649580287,-0.004246842432593372,0.0033283000337839385,-0.005043857677156506
272,0.018028348863913416,0.004354136339610822,0.00489194697776441,0.001729373293408982,-0.004083768510513408,-0.0029946298850126144
273,-0.034868975327561884,-0.018365982795373104,-0.004629341405186793,-0.018414530603104176,0.0016974570732975214,-0.0040680757294681655
274,0.00944839743115334,0.018132052801203117,0.010939775411751675,0.009091349582670613,-0.009735869569445681,0.0015512507617287232
275,-0.002665526439850614,-0.0027617597432476786,-0.004472195488264806,-0.010359360562960395,0.002434950120440169,-0.0006280576547589418
276,0.0026214835970988144,0.009683305203538167,0.003707011570433578,-0.01069708319015315,-0.0015703824853279674,-0.015108858469572817
277,0.021848910163127424,0.012766925366019519,0.015525139133592792,0.030710245693611152,0.003529117615780869,0.018133020427139716
278,-0.00252710716870522,-0.007784940343905565,-0.00538570654346313,-0.013645412540337952,0.0030351625048761844,-0.006406575900123722
279,-0.025917407384283175,-0.0079207775877711,0.0005119230627813169,-0.02197036561666327,0.00883203381269933,0.002990543860034635
280,-0.0038304383897299057,-0.007267629344093709,0.00048086133624958434,-0.002290685109166816,-0.00712874901249676,-0.007432728597063984
281,0.007438089976092414,0.007001551742414817,0.00120621217779634,0.004107015610153792,0.0024513898978914175,0.0031598111464604503
282,-0.023395379371140005,-0.01243343118553691,0.006000727318655263,0.00038502734430197834,0.0045491502064200565,-0.0013398013573548266
283,-0.006777649416930274,0.00038071688055434674,0.0007678230001066531,-0.009812499808023085,-0.0014992758277411636,0.0013328301993648884
284,-0.011146094381779086,-0.0018406480585164682,0.010151462691304507,-0.004385506322982478,0.0071732282404288385,0.0003127018194604747
285,-0.014736746017699677,-0.010743261941945505,-0.005370054403820853,-0.007036490732930274,-0.005435849638541034,-0.02168913624316555
286,-0.0008630273386965412,-0.00030619476036476126,-0.0029393651069028865,-0.0074920127211452435,0.0038419142185189634,0.0048878564310751264
287,-0.00617151688324212,-0.004723042216917949,0.002918717423199036,-0.012097932623491684,-0.004929961776008256,-0.012768905371717074
288,0.011386598983935105,0.0016774565157860032,-0.0004580194281513191,-0.018612236856755778,0.0003438033572453136,-0.008695578738037946
289,-0.01915525921286253,-0.007880318643293334,-0.017391976988524342,0.004572289150052166,-0.008207214600571765,-0.0005448596505141157
290,-0.0018144568064865454,-0.0012635674684229655,0.009361238988959913,0.0032574949105315704,-0.0004992452863965783,-0.00046020856967156777
291,-0.005707551583395328,-0.016255612359986554,0.007820183395871073,-0.01595634871013487,-0.0017030720441161436,-0.004354121110048814
292,-0.010158568469560366,0.0028284933202858496,0.009929573852111039,0.022006153591588896,-0.0012814149298195905,0.010970540841428624
293,-0.009239148742365137,-0.008752727514071459,0.001849413519952214,-0.03515897381864082,0.013171272785832406,0.0006925075617615373
294,-0.002419548022469642,0.0010118892860115061,0.004202396794124676,0.004364172770069552,0.005320401664843686,0.022194680809566686
295,0.013704205159965621,0.0013616226002097012,0.004227629375509005,-0.01116601201727928,0.0021515399022543676,-0.012809349728349958
296,0.011640104669044488,-0.0013802384279262274,0.0012842512727300715,0.010894295241618005,-0.002748260906572095,-0.000185126034258732
297,0.028556519770836383,0.011869810226962863,0.002292349863510001,0.014585665910718384,0.0004594848974210006,0.0045485671198647
298,0.006333498776162821,0.0009251369050202172,-0.001966231009886077,-0.010001305437306332,-0.008421924662883764,-0.019758879215867504
299,-0.00649737829005731,-5.096825421587131e-05,-0.009854299134498366,0.004110993642401746,-0.0003757141785643384,0.0014589032407107917
300,-0.012662945215845073,-0.02647852106737655,-0.017741359155664913,-0.020012489537116773,0.0037403668749658604,-0.009754399961310549
301,-0.0009807479151810574,-0.0013332660216937573,0.0022544482415614124,-0.002904230540637697,-0.005284709799428881,-0.016568085707913672
302,-0.004122351495846397,-0.021566917778198996,-0.008490011626205761,-0.02561331995111557,0.0017391780901416906,-0.009033552208148056
303,-0.003944274686566327,-0.00152938706456873,-0.00021970016806607421,0.012148132415651942,0.0019038630282007653,0.002309414922277937
304,-0.0025381257377936695,0.0017039703007426835,0.006046153855426964,-0.0025967781442694186,-0.0028277383197530875,-0.013271075937423887
305,-0.005506310756487458,-0.006895538476749817,0.0022795147893802546,-0.013245673963687582,0.002560879055101848,0.004744343965615416
306,0.015847099747625316,0.00908154954201096,0.005139353207029951,0.015876677373144955,0.005293628758324984,0.0010748561588728128
307,0.009122916468908362,0.009044044283608627,-0.0047712130599608035,0.006362617848669137,0.0033731635818389488,0.003953259930488717
308,-0.01131856566273107,-0.008947804418872043,0.007277876753174465,-0.01413954502038206,-0.00411589668223286,-0.011796917745217106
309,-0.015046520127580783,-0.00884132988335504,-0.005032292470678256,-0.011270522086266619,0.005126573939009966,0.011624377842158575
310,0.012500206778911681,0.006393434452009629,-0.008524609510295095,-0.006141749397146387,0.008288367236296269,0.00579195459798625
311,0.0004907591744348139,-0.010765164591271165,-0.005922692341461684,-0.01861654731362908,-0.0026401097214570493,-0.014942553439203315
312,0.00648369344473637,0.004978437787705646,0.015974042793801487,-0.005149695199095597,0.0051271250911335674,0.005736656238146893
313,0.010568631035004227,0.00971285227675377,0.021799559771586135,0.027439670595580244,0.0038943587083976163,0.011526165273819807
314,0.002281771532086581,-3.154490168247217e-05,0.0024748140135310193,0.0008992012875039784,-0.0026340381792158557,-0.008031500041851039
315,-0.004815163618557446,-0.004922750832636879,-0.004287490657993314,-0.005347611163685522,0.0005024459670373786,-0.0050623254967669855
316,0.015395619481022926,0.009592552367428953,0.003299766605406721,-0.010931031930110175,0.002865566059264031,0.00014003128787347196
317,-0.008188843005686602,-0.015015675423063196,-0.0003217112880936148,-0.016223434131345443,0.004316898291416084,-0.0077079884242299565
318,0.006792560386909682,0.017410331948420506,0.02328729835263541,0.009366486815520885,0.004260462837183868,0.013206172111054565
319,0.019063082796027347,0.01259634260593787,0.0037328209960683007,0.031142451005494703,-0.003014533752417648,0.00171666192475499
320,0.024377630458070922,0.02819459895299597,0.0071551709402901216,0.02253828553340001,-0.0011554526680065734,-0.006505216501356997
321,0.02229651612295391,0.019351119392059288,0.03022560660776339,0.03327820234421296,-0.00036220788019412464,0.013833630561469013
322,0.009655729835159034,0.0036277454172353946,0.0001411261987517247,7.742198213317827e-05,0.00625252724436743,0.02657318186685552
323,-0.009720244428569572,-0.008093497738890485,-0.007548490546366572,-0.015385537034656432,0.0035158994467893237,-0.0003742517913750079
324,-0.010655738027640207,-0.0011413892790330749,-0.005277999905545232,-0.006348725962230413,0.002958160581838524,0.0028814911038535338
325,0.03208994375779287,0.01614229299003619,0.008364873957925682,0.015495481708398007,-0.010535452500741359,-0.0034324137421721363
326,0.04702349765742357,0.02782907744184721,0.02269979531479598,-0.00016431971463492053,-0.00018270312185993988,0.003711228378399689
327,-0.00023897018833017754,-0.0029128994267152352,0.0010560213479671402,-0.013005777359988459,0.002910707350004477,0.0005198755770942844
328,0.01964584931712356,0.004020585260516182,-0.012970713125090516,-0.008003564922247354,-2.241059884542187e-05,0.007718663963648885
329,-0.003874926370398886,-0.0020631961038220566,0.009533568639990846,0.000930508456089207,0.00253336143438902,0.00909673812731184
330,-0.0033444204243463973,0.01038144092313109,0.004586380453311769,0.025241211239487193,-0.0035741558796703304,0.0018873059738949757
331,-0.00670893585352985,-0.00014278378109350515,-0.002898099854531344,-0.012558456756616198,-0.003316545902276204,-0.008635112968668712
332,-0.01037979533283663,-0.006655519936933542,0.002104209472660166,-0.02155537870545556,0.006090946427289234,-0.006039889413641348
333,-0.0012844921458954447,-0.003932438790649941,-0.0013615022302945461,0.011154723999664221,-0.0015404460574252904,-0.002236162369083175
334,0.024512854220770753,0.019311820618226755,0.005512023871435098,0.022772422221301575,-0.005261908753279618,0.007773949565082914
335,0.014604013494788442,0.014191384521416472,-0.0014290555288149094,0.02964818718750181,-0.003278386896430844,0.003165549365435824
336,-0.007349226840693544,-0.004111008123616796,-0.00800591088557857,0.01857236685547407,0.0008459315213550887,0.015868447103059336
337,-0.028605860859935796,-0.0069015151797107805,-0.019221300654802466,-0.00040669430224493495,-0.011464054113692146,-0.021823396262740484
338,-0.0030514836970387234,-0.0017682901325022763,-0.006219076745941995,-0.0009163138243171894,0.0011814603315856835,0.010370254473535586
339,0.011699710679314624,-0.002442586772926374,-0.002264166860594394,-0.036054343502776046,0.008075479433160681,-0.010423021303904786
340,0.005631828724895571,0.0024000679973981203,0.0049137210239143785,0.014143548457385972,-0.006617124041809579,0.0004129847473439472
341,-0.000936673515965526,0.003799493966116882,-0.0014873261455008624,0.0013981013185720376,0.0026801773097835015,-0.003564592033826637
342,0.008583762090944504,0.002263488939840899,-0.0034620452150428095,0.015074590017547917,-0.008729550256318637,-0.004917981507244468
343,-0.0008806019800116996,0.00027977799051965397,-0.0001864821211627834,-0.007042048551370673,0.003756621615448791,0.005778795058086324
344,-0.009189066669602317,0.002432417370788504,-0.011498043611410899,0.006934853701336605,-0.010109271951966214,-0.016365635496598578
345,-0.0004940706952737059,-0.006843671071052846,9.331488329958538e-05,-0.022105247218159915,0.0021167974205971597,-0.00700743485179534
346,0.003854827687215217,-0.0019302779719208602,-0.003234805575431637,-0.01743817036555035,-0.0022258728806185887,-0.005256699504548922
347,0.004497983000855228,0.0025402639197478405,-0.0039959003443036335,0.040246078232072824,-0.0031193111761144664,0.010241463751578077
348,0.014980568270240371,0.011069535880657204,0.006789920154643403,-0.0061097971016164055,0.005000813326512154,-0.002794026560980921
349,-0.005811772836010665,-0.01637553345717532,-0.00673552928939005,-0.01385593396771259,-0.0007572614983059449,0.005741107311325542
350,-0.012774485565329525,-0.00819197404018627,0.003699594231186488,0.0048053443759470856,-0.00810791119378206,-0.005070687715140582
351,0.0143343677196404,0.008439547342057018,0.010311443596700996,0.00827598718828973,-0.0014732549139871893,-0.003474539069174506
352,-0.00468774873751536,-0.00460657558497237,-0.0030274534429973543,0.006884519609477053,0.006019664163423193,0.009345312895524087
353,0.025714617094197426,0.023226757260949627,0.024391244160910333,0.029278437614082685,0.006765398556630326,0.025629546984176178
354,-0.0007776561859485051,0.006512735100789252,0.003797126246150381,-0.0021327632831039693,-0.005470098086024968,-0.012421082496380494
355,-0.0051228122224993705,-0.004016828170297511,0.00354833810572427,-0.006839029587125338,0.004984317313036185,0.002364688493108973
356,0.01524133779614147,0.002347875901112069,-0.008793132677067148,-0.010191130572289096,-0.004951703445117331,-0.012340041105822343
357,-0.0014367380303310466,-0.005317948327221435,0.010806474196973868,-0.0020175927170860454,0.002301404099554121,-0.007033177372916805
358,-0.01588632490953095,-0.0006617317246253678,0.0067160039868538884,0.015366441690598483,-0.0002270050215198616,0.001854728249710026
359,0.008819339463099415,0.014728632915241622,0.0009266984795303532,0.022042280508610703,-0.003734478600633968,0.0044923152206270385
360,0.009128504058516614,0.018709686159334712,0.011336135423987762,0.011227380891842383,0.0056014890877518556,0.0032856962810484456
361,-0.0027083977677673406,0.00875332978640274,0.0023514628972556794,0.021441971658984836,-0.00019898187627992708,0.004221585220423676
362,0.0009426886890726786,-0.0002176805459696298,0.015666152406303025,0.0062118805437865994,-0.0035590110509436685,-0.010161013773118755
363,-0.021026640794445908,-0.017699444411166332,-0.01240718307868721,-0.026375583122785897,-0.0034335440839267373,-0.004830428128490595
364,0.03772958999419256,0.02156693201883392,0.011700207555075037,0.020751399795432404,-0.009723871871322379,-0.00891592143220004
365,0.026520547898065728,0.014374491022858432,0.006544183906096144,0.01267263824760764,0.00689002759601094,0.02130070380014848
366,-0.008436199364176302,0.005036109776534421,-0.004267186785359624,-0.0045933540469419104,0.000400632168385211,-0.007129574581592386
367,-0.021123952804333473,-0.002332377084021101,-0.00865782551139011,0.00300421939262228,-0.0021964598049572593,-0.005259416701708115
368,0.0007747082118643819,0.007430468650930468,0.0006262612407045838,0.00760086808363667,-0.0019558632357221427,-0.010433125388536869
369,0.004744004012246843,0.013886945780762687,-0.0021402300127748683,0.004552008867834865,0.00016933808992993437,-0.0027059265576901527
370,0.001012440381429605,-0.0006578876800673336,0.0034836166246386972,0.008080812304492462,-0.0027558549143427303,0.011294136068991057
371,-0.02237530116375002,-0.014799781025642179,-0.00580124394051786,-0.008486802612759385,-0.0071157787189679205,-0.017774216743136322
372,0.027040671929669875,0.020477716568322327,0.013908859419602442,0.022758615941017385,-0.002435711960379814,-0.009419558990794044
373,0.005869639406511029,0.014500918671029856,0.003249264399355534,-0.0004246977712698493,0.006870943799302712,-0.0028983770489932827
374,-0.012524512746628098,-0.015611257636477643,-0.017484837371721282,-0.019530958777347188,-0.005120122373813773,-0.008239387752212357
375,0.014916270941441254,0.000382368444763089,0.0031569977954420112,-0.005835183967385808,-0.0071085876813346055,-0.015940528728292606
376,-0.014225227309899832,-0.006368587135376863,-0.011312255446830777,-0.0012888691010148892,-0.008567661283322373,-0.021443398562678684
377,-0.022112186130222165,-0.01872522878115764,0.0034896432709014473,-0.008185404061894185,0.0024031489544816542,0.003615619339959442
378,0.008338814636648078,0.0010938532310310208,0.0023109511163215304,0.007233986009453481,5.651552842704852e-05,0.005668321525657318
379,0.007274524659336049,0.008262880222497061,-0.002062932394633216,0.021289601595845156,-0.00034834105484650283,0.01549406621400666
380,0.018743702043099154,0.010405601584063917,0.006720421177013169,0.02559679464737947,4.354416165297005e-05,0.019527322226296693
381,-0.01782252399817063,0.002698293558203322,-0.0007292428049838827,-0.007957637343044343,-0.002751983177292988,-0.007353520387604545
382,-0.00934885690567648,0.00042537955192476016,-0.0011179143330138789,0.007044232053526443,-0.006838943450026626,-0.0031277605669797243
383,-0.013847756453395168,-0.012084390326425236,-0.008705899886915997,0.0015579669068510997,0.003081489387895815,0.014225901965428295
384,0.0008309533266849215,-0.0056937097330926915,-0.004384025384526111,-0.05371418686471717,0.0007802700322738826,-0.010090188822956838
385,0.014661827643418637,0.011896817387111512,0.008160396107066224,-0.011356695398219584,-0.0006587160040164241,-0.003695501197127095
386,-0.010826295452817561,-0.007936829412517468,-0.013835681661680897,-0.004612112769723717,-0.0037131402500376123,-0.0013058630751497987
387,0.0076540942866319146,-0.0026395698446449664,0.007184318990602187,-0.018505993526183016,0.0013794812499985305,-0.00890886650396881
388,0.0019245391053072099,-0.009843692849985097,9.869184185094175e-06,-0.013776688943739285,0.00013966774943775795,-0.007548907854706086
389,-0.004863961398473651,-0.005665972364171543,-0.0020602212897822287,-0.01696001033848178,0.005039699925677994,-0.0012313040794005394
390,0.0007044861310756061,-0.013757129341520619,0.00015495290720714695,-0.012849347476418013,-0.002883013754339956,0.002730861720046955
391,-0.0009955106846739278,0.006445936972232579,-0.0012303415833268346,0.011008655990566496,0.0003445000092401889,0.01179826435140016
392,-0.017231152351739044,-0.010155669030333098,-0.0009917083925806605,-0.0005360183451681632,0.004610020563504135,0.012296175178381831
393,0.029650102482297387,0.008791274671626013,0.003965297559757909,0.023634235406690164,-0.010707838515874918,-0.00045801621819579824
394,0.02569760518485839,0.003356019300886047,-0.0015616706462004803,-0.00225624658621387,-0.008428692874851951,-0.002870645655328436
395,-0.005672425227971966,0.006286168275724018,0.0017081423020433783,0.0049925803585407,-0.003635316287488986,0.004728318097223035
396,-0.004115391612955764,-0.004197431164963853,0.0015855525263371573,0.018221602692026873,0.0016320299288450643,0.0008569463080326621
397,-0.0003446293164290938,-0.004998581291669966,-0.0058206506983038,-0.003009709118937194,0.003433023735874223,6.953850013911194e-05
398,0.0037815924987093115,-0.012438401711771236,-0.009578988319945105,-0.013417553850491497,-0.004214848488929562,-0.019754413192242574
399,-0.006391468766958695,-0.003454781919866083,-0.010655027483059708,0.0158501955283716,-0.0033221222544798333,0.0003160799647373781
400,0.007555703183112112,0.01427436908569116,-0.001002767310802372,0.008238918176375606,-0.006415004473419256,-0.0003211613006484645
401,0.023123581818603474,0.016432340881784347,0.00351667088378466,0.007330529307384373,-0.004242278156988834,0.011739448651863826
402,0.004601415317691794,0.010564770172056072,0.007705848289335467,0.019424019925543524,0.0017518386182463334,0.014717381782010514
403,-0.016778987824889468,-0.005734470747731857,0.0052077303503187304,0.003349591241772302,0.00491247027673265,0.00968349448838153
404,0.020124977985595035,0.019676280358801104,0.008554243122265529,0.014377102032997833,0.002098836289917164,0.007281440697431826
405,-0.012840043638928465,-0.006627515907060612,-0.006504113602285919,0.0015270875738542372,0.0022436259388038645,0.0019303059145940197
406,0.009967865866361784,0.009444693347743354,-0.010469270888790924,-0.005037207143470004,-0.006280436339504963,-0.0007069977100156356
407,0.018844441699506987,0.014960456528908482,0.008515246875024843,0.013075041846822722,-0.0019229757998866822,-0.0032150267441591242
408,0.007237189312841048,0.0034630656096065514,-0.003970859051191786,0.019426131841501028,-0.0014970815217196915,-0.0015761434187927552
409,0.0021785069200008274,0.0012696155705396153,-0.0011145788248321867,-0.01974544009355318,-0.0026105995846955428,-0.011406832855802726
410,0.007585425436045081,0.004172272284756948,-0.005859983389427145,-0.008805482901084922,-0.001547281169750809,0.00487564647163697
411,0.007488166806289051,0.012328351161865975,0.003845129790721314,0.006357692831646048,-0.006271632423286953,0.011080560785245034
412,-0.0033456164688958623,0.004037559917575083,0.007673301331529915,0.02046413897340077,-0.004340134621901002,0.010000867835144941
413,0.012175229040228233,0.024409755637996047,0.013447916553043579,0.013076006794184246,0.0012187570804674142,-0.007217719280071572
414,0.013972437685082151,0.00687020388662198,0.0032118999850455666,0.0027763247372592243,0.004904734634123536,-0.006431916492115585
415,-0.007377957793894497,-0.004334836054150551,0.008876124644649151,0.007667837504733064,-0.004262227038127562,-0.0033080392065894136
416,-0.0006325555011660227,0.005450763722944877,0.00444245246853773,0.0033328650579135606,-0.0004036563414235568,0.008848841888864978
417,-0.002908932735992016,0.013238641597355216,-0.01182965500373975,0.010397941016107179,-0.00683913237672589,-0.0018226565222858701
418,0.0034441813912648614,0.011507218482739062,0.008186887775374381,0.027500837709713184,0.0020425658037487183,0.011278193495526096
419,0.012366920796051565,-0.0019659205018450294,-0.01075804907845183,7.844329656245009e-05,0.002075655463219705,0.0035188752035243335
420,0.020139339441923584,0.010887665272648096,0.003094019984033564,-0.028075043995021268,-0.0003619314104030425,-0.0064772582970247785
421,0.004006857566739445,-0.0011398529224965713,-0.003441073167091382,-0.0151880608882335,0.010350410720833345,0.014494258664345226
422,-0.013393912727156322,-0.002851890522844845,-0.008903123572761967,0.000711367635366586,-0.0032989424864043994,0.0003192487982097615
423,0.01937274361525089,0.008428222468286797,-0.0014065951225621567,0.018747264113122556,-0.0031854623646290344,0.00010146891832872479
424,-0.024079850160747263,-0.01509534128289066,-0.019915891668528026,-0.033057922063305545,-0.00899846113390093,-0.015530907245423102
425,0.0045725047058378385,0.006238069393834494,0.013843444947446009,0.03179952494235502,0.0028553222077397225,0.026027069149902934
426,0.02867654424551547,0.02024944969635081,0.022964869069439692,0.03462108349609074,-0.002022535137923202,0.008570652872389497
427,0.015351694994478214,0.004471019318676401,0.003582884689937972,0.01318002118261218,-0.0069324478692777,-0.0036630386361741533
428,-0.005479601252607771,-0.010892854442249142,-0.012558619724951396,-0.00865277985019099,0.0005763162092589285,0.0016715022060945352
429,-0.04100343968047311,-0.021697105398267674,-0.006889740939957235,-0.03018621858168302,0.0024769855090835706,0.008349712595925797
430,-0.006087044066349599,0.004491950091856879,0.0037178759010107884,-0.007928285771894562,0.0037228901844611672,-0.005649687276238224
431,0.012150048562713529,0.016129431037287267,0.0022639880237844807,0.021161892462387172,-0.001600492395109253,-0.0018711991155570327
432,0.009800671588258637,-0.004569821507432908,-0.008950109193149647,-0.0012469168697688742,0.000765528125383639,0.01155272378453277
433,-0.017122746622368692,-0.013677527350504785,-0.007448901059657785,-0.005289755251695082,-0.0005447313945456335,-0.019153514861507615
434,0.011310273022346252,0.006375722235064999,-0.012132418590412832,0.010804505603989434,-0.007557594677003324,0.00387010956945434
435,-0.016279447861029722,-0.0055287185005865385,-0.007044783118846737,0.0009881318941115564,-0.0016210055455775198,0.0016110499859690684
436,0.003324068371204309,0.012408736146217982,0.01300633439110838,0.00714171058164848,-0.0008327642825806511,0.0038315095100659078
437,0.010433143635157793,0.00866430268490047,-0.003616490029020541,-0.014428623018536726,-0.0007613119041227866,0.0010357049932311116
438,0.00012584181946281793,0.004604931395025305,0.004918174531470508,0.009038522681254867,-7.909218185396679e-06,0.005024473937253322
439,-0.011925799539243304,-0.014036521430713851,0.0013421244944197919,-0.030962875637058296,0.0008709271468443278,-0.00842999404484546
440,-0.017081115608516346,-0.021609057019309676,-0.014023893422953194,-0.01812731195043796,0.0011869854341559234,-0.01072937844059269
441,-0.0077278398607117564,-0.002219243611841351,0.007026209969566385,0.016306799851333018,-0.0053756337235608635,0.006226641873988577
442,0.0010786974930314295,-0.004229465482545203,0.005488041651584904,-0.012941243214116669,-0.005047372880753985,-0.010867641348482782
443,0.0049865739173129125,0.00128266852794937,-0.008990414410116662,-0.002872229216985758,-0.0004099252743403807,-0.01081190571521625
444,-0.011678193783924679,-0.006364681782711391,-0.010938556336363047,0.002724716411402801,0.0012578103970153915,0.013694980149463397
445,0.016913897784599046,0.0023646643683944003,0.004167991737802999,0.005929299193109433,0.0062936076172306135,0.0009183362318584421
446,-0.014922864289454892,-0.004453712681539412,-0.0075474320505503215,0.0082067307324317,0.002489174134600619,0.005718081793310701
447,0.008634832070698161,0.007247516167075862,0.004872950133451384,-0.0015435849380520778,0.006632300302689668,-0.0010812770563576398
448,-0.0025026889702577104,-0.005031294346512662,-0.006385477085974965,-0.011665126216823736,-0.002194482464655664,-0.011858476612522898
449,0.010334098714959383,0.0029439258414629896,-0.004159122037976545,-0.019554304642329923,-0.0011491327362502487,0.007131809069713865
450,0.0005172885810719973,0.003311066316323958,0.011254624474544804,-0.019881321648953208,0.003984127145535299,0.010550810024914196
451,-0.005240561698316282,-0.001426835527631091,0.009942038197734536,-0.0013315210903507325,-0.006006499007609449,-0.004470593541277158
452,-0.009811340148936747,-0.0076601322267359105,-0.01745045280144941,0.003715155742389275,-0.0015891227697261666,0.011916416056286645
453,0.011121560479247977,0.0015045062356773915,0.00831628074210147,0.0017743772267548325,-8.448953368504915e-05,0.019685648430944405
454,-0.02402153422311187,-0.01766505361025664,0.0011151630324033163,-0.027589577006864374,0.007583056560623674,-0.0007153131787098896
455,-0.0006573301974404169,0.0015735249433540565,-0.010642957475449223,-0.03180002371792703,0.005604973667998666,-0.003348395041875932
456,0.0034953061278580584,0.0076386512927769405,0.011013300020655118,-0.0027584106530455154,0.0039033878557321582,0.011278796180271753
457,0.004987039946032583,0.0014993009375567651,-0.007510164236345912,0.002669201211354188,-0.004254223672211989,-0.02271145134558544
458,-0.009221237738882532,-0.002971903181867324,0.012063118662726163,-0.007536602056206961,0.007484018994210853,0.010449581966023018
459,0.00214269616081341,-0.005741204284577831,-0.0016638365035345098,0.004971862485422234,-0.0023861829611399807,0.0056813009783378944
460,-0.0109116038204113,-0.006573045604265912,-0.006430881657687833,-0.004213509614099547,0.0009109431190686115,0.010617976171853479
461,0.005577525603136512,0.0005339542829060637,-0.0007785793819112762,-0.0008764907621645463,0.0007498744910972102,-0.0058811196741575976
462,-0.007478382527727375,-0.003919746006913716,-0.00434553028605586,0.017088023573457196,-0.0007845839394555388,0.0025056122739975477
463,0.009445336629654508,-0.003945369624012026,0.002045924944752608,-0.0036450100402341317,0.005617470547094117,0.005613850844227507
464,0.008200959560937388,-0.00011070215760895536,-0.006136797303391831,0.012121785507113824,-0.004377875550137757,-0.0005224075724152479
465,-0.006772318700377894,-0.007991654442403023,-0.010684335171170335,-0.0010875434849244722,0.002082724370288003,-0.00197491286495134
466,-0.02139924871077866,-0.007245081923283201,-0.005038335602679084,0.006777630501158584,-0.00936725393725595,0.004564122700048635
467,-0.004479032146333877,-0.008486565581108337,-0.014308306674016736,0.005066964758257199,0.0024772252884246934,0.004523957038294031
468,-0.014233372904995177,-0.002598071246257821,-0.013270790223988482,-0.007533764657147944,0.002677509039351725,-0.0003019049349788443
469,-0.01471864712571909,-0.011481813805694203,-0.006135534836272335,-0.030788473146003657,0.010807194794579315,-0.007008876327869665
470,0.01389628690802118,0.0036018582426077623,-0.003882295788030248,-0.0034658557371663604,-0.007211589971324743,0.002489403928106672
471,-0.009297810006170769,-0.01835311720202244,-0.0034130639204806084,-0.01644745972937178,0.0068275144827734755,0.0038583617576847854
472,-0.021595773621893848,-0.005535962674375433,-0.0142325588985142,-0.01923616770634773,-0.0037504478312808866,-0.0024962455184256442
473,-0.022196074087430913,-0.015341165620325526,-0.023481816001398707,-0.0282319354557511,0.0078111917336494965,-0.0014209144541847156
474,-0.00606965811648675,-0.008449815869686215,-0.00841768063170302,0.008925376154864547,-0.00018124570245567893,-0.0002824608547563952
475,0.01031252188432558,0.012625224541864207,0.001116267349634233,0.003363630297170389,-0.0016674549580170887,-0.010779857737869509
476,0.007111149392161582,0.004369837820588729,0.009030778570925818,0.008595108904121497,0.001438358649492243,0.012622375612557728
477,0.020718864998642686,0.007582931199866487,0.0083540955833698,0.009298842877037925,0.0027222306804920403,0.003748013953699792
478,0.005768188073355549,-0.009191265006533174,0.004935012526734094,-0.013452781517721939,-0.0005123971332461148,-0.012541792720125247
479,-0.004100514181794686,-0.0016719655421763974,-0.008163918013196596,0.010837221211029186,-0.0023035005590972936,-0.0028004712626856624
480,0.012938943000281235,0.0026415513631681733,0.014528499837360816,0.05070327065430305,-0.0034079695109922982,0.0074335793133487515
481,0.016140058330401864,0.009152736032282833,0.006369701615930318,-0.0018637080742474825,0.005849127227700711,-0.009417625821978073
482,-0.016352904622444153,-0.008066362083487023,0.025232053086765634,-0.013087702327567077,-0.002776642062100666,-0.004727430732968946
483,0.008099795797290277,0.0008433607865001963,0.001195029782562952,0.002180347996355011,-0.0020497564040864924,0.0008585354627865975
484,0.026881330266058896,0.012488376753089284,0.004012558733610077,0.015042245799839211,-0.008257920664965671,0.002343532494342593
485,0.004832021042365929,0.010623158424054221,0.00596588715234879,0.0049441296975784475,-0.008729315615487227,-0.004536039518958265
486,0.004194347985078912,0.002920699323581687,0.012119606559018357,-0.003171457407594082,-0.002263096000161489,-0.0026058620139412622
487,0.0016231106693835769,0.0019302040480581612,0.003277745870377874,0.0031871967760784786,-0.00043892847307300384,0.0014908233007466733
488,-0.007058547603246648,-0.014318171862853356,-0.004667012314321406,-0.030712779447384445,0.00045512621533354476,0.0010760957269079327
489,0.005199693416453208,-0.010464656023331239,-0.001126558731645669,-0.020311193076956707,-0.0008396075397452262,-0.012462025111587522
490,-0.013254159317394099,-0.008617315639538463,-0.0066571983782754245,-0.010074814410732082,0.007616938730634812,0.0031645090986094078
491,-0.0194323896115803,-0.00548035357984108,-0.018311211575858025,0.023362294605812798,-0.0026353439023819192,0.013279639869955083
492,-0.0004902107388344954,0.006882440243375778,0.006859080311664187,-0.016224733838379128,-0.0006041641794882686,-0.017618068854005582
493,-0.017057590870665884,-0.015934400457137367,-0.013066868118293495,-0.0022277470376881187,0.002013156275290278,-0.005830238738180119
494,-0.010224526334393337,-0.01911755855744601,-0.00568145474514527,-0.013511066877959358,0.00044930730100220485,0.0016439089706384346
495,0.013330096304156103,0.02326960356960397,0.017104448423512237,0.028996328494620777,-0.005359764685348719,-0.008612283191736316
496,-0.02123271966788028,-0.010793923973745331,-0.005904899158545877,-0.01163846090574125,-0.0007691432490192667,0.005014898364620245
497,-0.0023598722084375227,-0.007086126244839318,-0.012387958996590039,-0.006970919910973303,-0.005477752455233327,-0.014055006417479119
498,0.029293520331244053,0.018132066794599642,0.018565461585970295,-0.00851747207711257,0.004593431320798485,0.005693541645991243
499,0.015398156095001017,0.00849754783726488,-0.0015223796525291441,0.011683142723140123,0.0001224116834649306,0.007093113900099892
